Label,SMILES,Fragments,Donor_BigSMILES
PBDT-ODZ,CCCCCCCCc1cc(-c2nnc(-c3cc(CCCCCCCC)c(-c4cc5c(-c6ccc(CC(CCCCCC)CCCCCCCC)s6)c6sc(C)cc6c(-c6ccc(CCCCCCCCC(C)CCCCCC)s6)c5s4)s3)o2)sc1C,"['CCCCCCCCC(CCCCCC)Cc1ccc(-c2c3ccsc3c(-c3ccc(CCCCCCCCC(C)CCCCCC)s3)c3cc(C)sc23)s1', 'CCCCCCCCc1ccsc1', 'c1nnco1', 'CCCCCCCCc1ccsc1C']",{[][<]CCCCCCCCC(CCCCCC)Cc1ccc(-c2c3ccsc3c(-c3ccc(CCCCCCCCC(C)CCCCCC)s3)c3cc(C)sc23)s1[>][<]}{[>][<]CCCCCCCCc1ccsc1[>][<]}{[>][<]c1nnco1CCCCCCCCc1ccsc1C[>][]}
J71,CCCCCCCCC(CCCCCC)Cn1nc2c(-c3ccc(C)s3)c(F)c(F)c(-c3ccc(-c4cc5c(-c6ccc([Si](CCC)(CCC)CCC)s6)c6sc(C)cc6c(-c6ccc([Si](CCC)(CCC)CCC)s6)c5s4)s3)c2n1,"['CCC[Si](CCC)(CCC)c1ccc(-c2c3cc(C)sc3c(-c3ccc([Si](CCC)(CCC)CCC)s3)c3ccsc23)s1', 'c1ccsc1', 'CCCCCCCCC(CCCCCC)Cn1nc2cc(F)c(F)cc2n1', 'Cc1cccs1']",{[][<]CCC[Si](CCC)(CCC)c1ccc(-c2c3cc(C)sc3c(-c3ccc([Si](CCC)(CCC)CCC)s3)c3ccsc23)s1[>][<]}{[>][<]c1ccsc1[>][<]}{[>][<]CCCCCCCCC(CCCCCC)Cn1nc2cc(F)c(F)cc2n1Cc1cccs1[>][]}
J52,CCCCCCCCC(CCCCCC)Cn1nc2c(-c3ccc(C)s3)c(F)c(F)c(-c3ccc(-c4cc5c(-c6ccc(CC(CC)CCCC)s6)c6sc(C)cc6c(-c6ccc(CCCCC(C)CC)s6)c5s4)s3)c2n1,"['CCCCC(CC)Cc1ccc(-c2c3ccsc3c(-c3ccc(CCCCC(C)CC)s3)c3cc(C)sc23)s1', 'c1ccsc1', 'CCCCCCCCC(CCCCCC)Cn1nc2cc(F)c(F)cc2n1', 'Cc1cccs1']",{[][<]CCCCC(CC)Cc1ccc(-c2c3ccsc3c(-c3ccc(CCCCC(C)CC)s3)c3cc(C)sc23)s1[>][<]}{[>][<]c1ccsc1[>][<]}{[>][<]CCCCCCCCC(CCCCCC)Cn1nc2cc(F)c(F)cc2n1Cc1cccs1[>][]}
J91,CCCCCCCCC(CCCCCC)Cn1nc2c(-c3ccc(C)s3)c(F)c(F)c(-c3ccc(-c4cc5c(-c6sc(CC(CC)CCCC)c(F)c6F)c6sc(C)cc6c(-c6sc(CCCCC(C)CC)c(F)c6F)c5s4)s3)c2n1,"['CCCCC(CC)Cc1sc(-c2c3ccsc3c(-c3sc(CCCCC(C)CC)c(F)c3F)c3cc(C)sc23)c(F)c1F', 'c1ccsc1', 'CCCCCCCCC(CCCCCC)Cn1nc2cc(F)c(F)cc2n1', 'Cc1cccs1']",{[][<]CCCCC(CC)Cc1sc(-c2c3ccsc3c(-c3sc(CCCCC(C)CC)c(F)c3F)c3cc(C)sc23)c(F)c1F[>][<]}{[>][<]c1ccsc1[>][<]}{[>][<]CCCCCCCCC(CCCCCC)Cn1nc2cc(F)c(F)cc2n1Cc1cccs1[>][]}
J81,CCCCCCCCC(CCCCCC)Cn1nc2c(-c3ccc(C)s3)c(F)c(F)c(-c3ccc(-c4cc5c(-c6ccc([Si](CCC)(CCC)CCC)s6)c6oc(C)cc6c(-c6ccc([Si](CCC)(CCC)CCC)s6)c5o4)s3)c2n1,"['CCC[Si](CCC)(CCC)c1ccc(-c2c3cc(C)oc3c(-c3ccc([Si](CCC)(CCC)CCC)s3)c3ccoc23)s1', 'c1ccsc1', 'CCCCCCCCC(CCCCCC)Cn1nc2cc(F)c(F)cc2n1', 'Cc1cccs1']",{[][<]CCC[Si](CCC)(CCC)c1ccc(-c2c3cc(C)oc3c(-c3ccc([Si](CCC)(CCC)CCC)s3)c3ccoc23)s1[>][<]}{[>][<]c1ccsc1[>][<]}{[>][<]CCCCCCCCC(CCCCCC)Cn1nc2cc(F)c(F)cc2n1Cc1cccs1[>][]}
J61,CCCCCCCCCCCCSSc1ccc(-c2c3cc(-c4ccc(-c5c(F)c(F)c(-c6ccc(C)s6)c6nn(CC(CCCCCC)CCCCCCCC)nc56)s4)sc3c(-c3ccc(SSCCCCCCCCCCCC)s3)c3cc(C)sc23)s1,"['CCCCCCCCCCCCSSc1ccc(-c2c3cc(C)sc3c(-c3ccc(SSCCCCCCCCCCCC)s3)c3ccsc23)s1', 'c1ccsc1', 'CCCCCCCCC(CCCCCC)Cn1nc2cc(F)c(F)cc2n1', 'Cc1cccs1']",{[][<]CCCCCCCCCCCCSSc1ccc(-c2c3cc(C)sc3c(-c3ccc(SSCCCCCCCCCCCC)s3)c3ccsc23)s1[>][<]}{[>][<]c1ccsc1[>][<]}{[>][<]CCCCCCCCC(CCCCCC)Cn1nc2cc(F)c(F)cc2n1Cc1cccs1[>][]}
J60,CCCCCCCCC(CCCCCC)Cn1nc2c(-c3ccc(C)s3)c(F)c(F)c(-c3ccc(-c4cc5c(-c6ccc(SCC(CC)CCCC)s6)c6sc(C)cc6c(-c6ccc(SCC(CC)CCCC)s6)c5s4)s3)c2n1,"['CCCCC(CC)CSc1ccc(-c2c3cc(C)sc3c(-c3ccc(SCC(CC)CCCC)s3)c3ccsc23)s1', 'c1ccsc1', 'CCCCCCCCC(CCCCCC)Cn1nc2cc(F)c(F)cc2n1', 'Cc1cccs1']",{[][<]CCCCC(CC)CSc1ccc(-c2c3cc(C)sc3c(-c3ccc(SCC(CC)CCCC)s3)c3ccsc23)s1[>][<]}{[>][<]c1ccsc1[>][<]}{[>][<]CCCCCCCCC(CCCCCC)Cn1nc2cc(F)c(F)cc2n1Cc1cccs1[>][]}
J40,CCCCCCCCCCC(CCCCCCCC)COc1c2cc(-c3ccc(-c4c(F)c(F)c(-c5ccc(C)s5)c5nn(CC(CC)CCCC)nc45)s3)sc2c(OCC(CCCCCCCC)CCCCCCCCCC)c2cc(C)sc12,"['CCCCCCCCCCC(CCCCCCCC)COc1c2cc(C)sc2c(OCC(CCCCCCCC)CCCCCCCCCC)c2ccsc12', 'c1ccsc1', 'CCCCC(CC)Cn1nc2cc(F)c(F)cc2n1', 'Cc1cccs1']",{[][<]CCCCCCCCCCC(CCCCCCCC)COc1c2cc(C)sc2c(OCC(CCCCCCCC)CCCCCCCCCC)c2ccsc12[>][<]}{[>][<]c1ccsc1[>][<]}{[>][<]CCCCC(CC)Cn1nc2cc(F)c(F)cc2n1Cc1cccs1[>][]}
J51,CCCCCCCCC(CCCCCC)Cc1ccc(-c2c3cc(-c4ccc(-c5c(F)c(F)c(-c6ccc(C)s6)c6nn(CCCCCCCC)nc56)s4)sc3c(-c3ccc(CCCCCCCCC(C)CCCCCC)s3)c3cc(C)sc23)s1,"['CCCCCCCCC(CCCCCC)Cc1ccc(-c2c3ccsc3c(-c3ccc(CCCCCCCCC(C)CCCCCC)s3)c3cc(C)sc23)s1', 'c1ccsc1', 'CCCCCCCCn1nc2cc(F)c(F)cc2n1', 'Cc1cccs1']",{[][<]CCCCCCCCC(CCCCCC)Cc1ccc(-c2c3ccsc3c(-c3ccc(CCCCCCCCC(C)CCCCCC)s3)c3cc(C)sc23)s1[>][<]}{[>][<]c1ccsc1[>][<]}{[>][<]CCCCCCCCn1nc2cc(F)c(F)cc2n1Cc1cccs1[>][]}
J50,CCCCCCCCC(CCCCCC)Cc1ccc(-c2c3cc(-c4ccc(-c5ccc(-c6ccc(C)s6)c6nn(CCCCCCCC)nc56)s4)sc3c(-c3ccc(CCCCCCCCC(C)CCCCCC)s3)c3cc(C)sc23)s1,"['CCCCCCCCC(CCCCCC)Cc1ccc(-c2c3ccsc3c(-c3ccc(CCCCCCCCC(C)CCCCCC)s3)c3cc(C)sc23)s1', 'c1ccsc1', 'CCCCCCCCn1nc2ccccc2n1', 'Cc1cccs1']",{[][<]CCCCCCCCC(CCCCCC)Cc1ccc(-c2c3ccsc3c(-c3ccc(CCCCCCCCC(C)CCCCCC)s3)c3cc(C)sc23)s1[>][<]}{[>][<]c1ccsc1[>][<]}{[>][<]CCCCCCCCn1nc2ccccc2n1Cc1cccs1[>][]}
PSBZ,CCCCCCCCC(CCCCCC)Cc1ccc(-c2c3cc(-c4ccc(-c5c(F)c(F)c(-c6ccc(C)s6)c6nn(SCC(CCCC)CCCCCC)nc56)s4)sc3c(-c3ccc(CCCCC(CS)CCCCCC)s3)c3cc(C)sc23)s1,"['CCCCCCCCC(CCCCCC)Cc1ccc(-c2c3ccsc3c(-c3ccc(CCCCC(CS)CCCCCC)s3)c3cc(C)sc23)s1', 'c1ccsc1', 'CCCCCCC(CCCC)CSn1nc2cc(F)c(F)cc2n1', 'Cc1cccs1']",{[][<]CCCCCCCCC(CCCCCC)Cc1ccc(-c2c3ccsc3c(-c3ccc(CCCCC(CS)CCCCCC)s3)c3cc(C)sc23)s1[>][<]}{[>][<]c1ccsc1[>][<]}{[>][<]CCCCCCC(CCCC)CSn1nc2cc(F)c(F)cc2n1Cc1cccs1[>][]}
PBDT-FBT,CCCCCCCCc1cc(-c2c(F)c(F)c(-c3cc(CCCCCCCC)c(-c4cc5c(-c6ccc(SCC(CCCC)CCCCCC)s6)c6sc(C)cc6c(-c6ccc(CCCCC(CS)CCCCCC)s6)c5s4)s3)c3nsnc23)sc1C,"['CCCCCCC(CS)CCCCc1ccc(-c2c3cc(C)sc3c(-c3ccc(SCC(CCCC)CCCCCC)s3)c3ccsc23)s1', 'CCCCCCCCc1ccsc1', 'Fc1cc2nsnc2cc1F', 'CCCCCCCCc1ccsc1C']",{[][<]CCCCCCC(CS)CCCCc1ccc(-c2c3cc(C)sc3c(-c3ccc(SCC(CCCC)CCCCCC)s3)c3ccsc23)s1[>][<]}{[>][<]CCCCCCCCc1ccsc1[>][<]}{[>][<]Fc1cc2nsnc2cc1FCCCCCCCCc1ccsc1C[>][]}
PBDTS-FBT,CCCCCCCCc1cc(-c2c(F)c(F)c(-c3cc(CCCCCCCC)c(-c4cc5c(-c6ccc(SSCC(CCCC)CCCCCC)s6)c6sc(C)cc6c(-c6ccc(SSCC(CCCC)CCCCCC)s6)c5s4)s3)c3nsnc23)sc1C,"['CCCCCCC(CCCC)CSSc1ccc(-c2c3cc(C)sc3c(-c3ccc(SSCC(CCCC)CCCCCC)s3)c3ccsc23)s1', 'CCCCCCCCc1ccsc1', 'Fc1cc2nsnc2cc1F', 'CCCCCCCCc1ccsc1C']",{[][<]CCCCCCC(CCCC)CSSc1ccc(-c2c3cc(C)sc3c(-c3ccc(SSCC(CCCC)CCCCCC)s3)c3ccsc23)s1[>][<]}{[>][<]CCCCCCCCc1ccsc1[>][<]}{[>][<]Fc1cc2nsnc2cc1FCCCCCCCCc1ccsc1C[>][]}
PBDTF-FBT,CCCCCCCCc1cc(-c2c(F)c(F)c(-c3cc(CCCCCCCC)c(-c4cc5c(-c6cc(F)c(S)s6)c6sc(C)cc6c(-c6cc(F)c(CCCCC(CS)CCCCCC)s6)c5s4)s3)c3nsnc23)sc1C,"['CCCCCCC(CS)CCCCc1sc(-c2c3cc(C)sc3c(-c3cc(F)c(S)s3)c3ccsc23)cc1F', 'CCCCCCCCc1ccsc1', 'Fc1cc2nsnc2cc1F', 'CCCCCCCCc1ccsc1C']",{[][<]CCCCCCC(CS)CCCCc1sc(-c2c3cc(C)sc3c(-c3cc(F)c(S)s3)c3ccsc23)cc1F[>][<]}{[>][<]CCCCCCCCc1ccsc1[>][<]}{[>][<]Fc1cc2nsnc2cc1FCCCCCCCCc1ccsc1C[>][]}
PBDTSF-FBT,CCCCCCCCc1cc(-c2c(F)c(F)c(-c3cc(CCCCCCCC)c(-c4cc5c(-c6cc(F)c(SSCC(CCCC)CCCCCC)s6)c6sc(C)cc6c(-c6cc(F)c(SSCC(CCCC)CCCCCC)s6)c5s4)s3)c3nsnc23)sc1C,"['CCCCCCC(CCCC)CSSc1sc(-c2c3cc(C)sc3c(-c3cc(F)c(SSCC(CCCC)CCCCCC)s3)c3ccsc23)cc1F', 'CCCCCCCCc1ccsc1', 'Fc1cc2nsnc2cc1F', 'CCCCCCCCc1ccsc1C']",{[][<]CCCCCCC(CCCC)CSSc1sc(-c2c3cc(C)sc3c(-c3cc(F)c(SSCC(CCCC)CCCCCC)s3)c3ccsc23)cc1F[>][<]}{[>][<]CCCCCCCCc1ccsc1[>][<]}{[>][<]Fc1cc2nsnc2cc1FCCCCCCCCc1ccsc1C[>][]}
J52-F,CCCCCCCCC(CCCCCC)Cn1nc2c(-c3ccc(C)s3)c(F)c(F)c(-c3ccc(-c4cc5c(-c6cc(F)c(CC(CC)CCCC)s6)c6sc(C)cc6c(-c6cc(F)c(CCCCC(C)CC)s6)c5s4)s3)c2n1,"['CCCCC(CC)Cc1sc(-c2c3ccsc3c(-c3cc(F)c(CCCCC(C)CC)s3)c3cc(C)sc23)cc1F', 'c1ccsc1', 'CCCCCCCCC(CCCCCC)Cn1nc2cc(F)c(F)cc2n1', 'Cc1cccs1']",{[][<]CCCCC(CC)Cc1sc(-c2c3ccsc3c(-c3cc(F)c(CCCCC(C)CC)s3)c3cc(C)sc23)cc1F[>][<]}{[>][<]c1ccsc1[>][<]}{[>][<]CCCCCCCCC(CCCCCC)Cn1nc2cc(F)c(F)cc2n1Cc1cccs1[>][]}
J52-FS,CCCCCCCCC(CCCCCC)Cn1nc2c(-c3ccc(C)s3)c(F)c(F)c(-c3ccc(-c4cc5c(-c6cc(F)c(SCC(CC)CCCC)s6)c6sc(C)cc6c(-c6cc(F)c(SCC(CC)CCCC)s6)c5s4)s3)c2n1,"['CCCCC(CC)CSc1sc(-c2c3cc(C)sc3c(-c3cc(F)c(SCC(CC)CCCC)s3)c3ccsc23)cc1F', 'c1ccsc1', 'CCCCCCCCC(CCCCCC)Cn1nc2cc(F)c(F)cc2n1', 'Cc1cccs1']",{[][<]CCCCC(CC)CSc1sc(-c2c3cc(C)sc3c(-c3cc(F)c(SCC(CC)CCCC)s3)c3ccsc23)cc1F[>][<]}{[>][<]c1ccsc1[>][<]}{[>][<]CCCCCCCCC(CCCCCC)Cn1nc2cc(F)c(F)cc2n1Cc1cccs1[>][]}
J61-F,CCCCCCCCCCCCSSc1ccc(-c2c3cc(-c4ccc(-c5c(F)c(F)c(-c6ccc(C)o6)c6nn(CC(CCCCCC)CCCCCCCC)nc56)o4)sc3c(-c3ccc(SSCCCCCCCCCCCC)s3)c3cc(C)sc23)s1,"['CCCCCCCCCCCCSSc1ccc(-c2c3cc(C)sc3c(-c3ccc(SSCCCCCCCCCCCC)s3)c3ccsc23)s1', 'c1ccoc1', 'CCCCCCCCC(CCCCCC)Cn1nc2cc(F)c(F)cc2n1', 'Cc1ccco1']",{[][<]CCCCCCCCCCCCSSc1ccc(-c2c3cc(C)sc3c(-c3ccc(SSCCCCCCCCCCCC)s3)c3ccsc23)s1[>][<]}{[>][<]c1ccoc1[>][<]}{[>][<]CCCCCCCCC(CCCCCC)Cn1nc2cc(F)c(F)cc2n1Cc1ccco1[>][]}
J70,CCCCCCCCC(CCCCCC)Cn1nc2c(-c3ccc(C)s3)c(F)c(F)c(-c3ccc(-c4cc5c(-c6ccc([Si](CC)(CC)CC)s6)c6sc(C)cc6c(-c6ccc([Si](CC)(CC)CC)s6)c5s4)s3)c2n1,"['CC[Si](CC)(CC)c1ccc(-c2c3cc(C)sc3c(-c3ccc([Si](CC)(CC)CC)s3)c3ccsc23)s1', 'c1ccsc1', 'CCCCCCCCC(CCCCCC)Cn1nc2cc(F)c(F)cc2n1', 'Cc1cccs1']",{[][<]CC[Si](CC)(CC)c1ccc(-c2c3cc(C)sc3c(-c3ccc([Si](CC)(CC)CC)s3)c3ccsc23)s1[>][<]}{[>][<]c1ccsc1[>][<]}{[>][<]CCCCCCCCC(CCCCCC)Cn1nc2cc(F)c(F)cc2n1Cc1cccs1[>][]}
J72,CCCCCCCCC(CCCCCC)Cn1nc2c(-c3ccc(C)s3)c(F)c(F)c(-c3ccc(-c4cc5c(-c6ccc([Si](C(C)C)(C(C)C)C(C)C)s6)c6sc(C)cc6c(-c6ccc(CC(C)[Si](C(C)C)C(C)C)s6)c5s4)s3)c2n1,"['Cc1cc2c(-c3ccc(CC(C)[Si](C(C)C)C(C)C)s3)c3sccc3c(-c3ccc([Si](C(C)C)(C(C)C)C(C)C)s3)c2s1', 'c1ccsc1', 'CCCCCCCCC(CCCCCC)Cn1nc2cc(F)c(F)cc2n1', 'Cc1cccs1']",{[][<]Cc1cc2c(-c3ccc(CC(C)[Si](C(C)C)C(C)C)s3)c3sccc3c(-c3ccc([Si](C(C)C)(C(C)C)C(C)C)s3)c2s1[>][<]}{[>][<]c1ccsc1[>][<]}{[>][<]CCCCCCCCC(CCCCCC)Cn1nc2cc(F)c(F)cc2n1Cc1cccs1[>][]}
J73,CCCCCCCCC(CCCCCC)Cn1nc2c(-c3ccc(C)s3)c(F)c(F)c(-c3ccc(-c4cc5c(-c6ccc([Si](CCCC)(CCCC)CCCC)s6)c6sc(C)cc6c(-c6ccc([Si](CCCC)(CCCC)CCCC)s6)c5s4)s3)c2n1,"['CCCC[Si](CCCC)(CCCC)c1ccc(-c2c3cc(C)sc3c(-c3ccc([Si](CCCC)(CCCC)CCCC)s3)c3ccsc23)s1', 'c1ccsc1', 'CCCCCCCCC(CCCCCC)Cn1nc2cc(F)c(F)cc2n1', 'Cc1cccs1']",{[][<]CCCC[Si](CCCC)(CCCC)c1ccc(-c2c3cc(C)sc3c(-c3ccc([Si](CCCC)(CCCC)CCCC)s3)c3ccsc23)s1[>][<]}{[>][<]c1ccsc1[>][<]}{[>][<]CCCCCCCCC(CCCCCC)Cn1nc2cc(F)c(F)cc2n1Cc1cccs1[>][]}
J74,CCCCCCCCC(CCCCCC)Cn1nc2c(-c3ccc(C)s3)c(F)c(F)c(-c3ccc(-c4cc5c(-c6ccc([Si](C)(C)CCCCCCCC)s6)c6sc(C)cc6c(-c6ccc(CCCCCCCC[Si](C)C)s6)c5s4)s3)c2n1,"['CCCCCCCC[Si](C)(C)c1ccc(-c2c3ccsc3c(-c3ccc(CCCCCCCC[Si](C)C)s3)c3cc(C)sc23)s1', 'c1ccsc1', 'CCCCCCCCC(CCCCCC)Cn1nc2cc(F)c(F)cc2n1', 'Cc1cccs1']",{[][<]CCCCCCCC[Si](C)(C)c1ccc(-c2c3ccsc3c(-c3ccc(CCCCCCCC[Si](C)C)s3)c3cc(C)sc23)s1[>][<]}{[>][<]c1ccsc1[>][<]}{[>][<]CCCCCCCCC(CCCCCC)Cn1nc2cc(F)c(F)cc2n1Cc1cccs1[>][]}
J62,CCCCCCCCSc1ccc(-c2c3cc(-c4ccc(-c5c(F)c(F)c(-c6ccc(C)s6)c6nn(CC(CCCCCC)CCCCCCCC)nc56)s4)sc3c(-c3ccc(SCCCCCCCC)s3)c3cc(C)sc23)s1,"['CCCCCCCCSc1ccc(-c2c3cc(C)sc3c(-c3ccc(SCCCCCCCC)s3)c3ccsc23)s1', 'c1ccsc1', 'CCCCCCCCC(CCCCCC)Cn1nc2cc(F)c(F)cc2n1', 'Cc1cccs1']",{[][<]CCCCCCCCSc1ccc(-c2c3cc(C)sc3c(-c3ccc(SCCCCCCCC)s3)c3ccsc23)s1[>][<]}{[>][<]c1ccsc1[>][<]}{[>][<]CCCCCCCCC(CCCCCC)Cn1nc2cc(F)c(F)cc2n1Cc1cccs1[>][]}
J63,C=CCCCCSSc1ccc(-c2c3cc(-c4ccc(-c5c(F)c(F)c(-c6ccc(C)s6)c6nn(CC(CCCCCC)CCCCCCCC)nc56)s4)sc3c(-c3ccc(SSCCCCC=C)s3)c3cc(C)sc23)s1,"['C=CCCCCSSc1ccc(-c2c3cc(C)sc3c(-c3ccc(SSCCCCC=C)s3)c3ccsc23)s1', 'c1ccsc1', 'CCCCCCCCC(CCCCCC)Cn1nc2cc(F)c(F)cc2n1', 'Cc1cccs1']",{[][<]C=CCCCCSSc1ccc(-c2c3cc(C)sc3c(-c3ccc(SSCCCCC=C)s3)c3ccsc23)s1[>][<]}{[>][<]c1ccsc1[>][<]}{[>][<]CCCCCCCCC(CCCCCC)Cn1nc2cc(F)c(F)cc2n1Cc1cccs1[>][]}
J64,CCCCCCCCC(CCCCCC)Cn1nc2c(-c3ccc(C)s3)c(F)c(F)c(-c3ccc(-c4cc5c(-c6ccc(SSCC7CCCCC7)s6)c6sc(C)cc6c(-c6ccc(SSCC7CCCCC7)s6)c5s4)s3)c2n1,"['Cc1cc2c(-c3ccc(SSCC4CCCCC4)s3)c3sccc3c(-c3ccc(SSCC4CCCCC4)s3)c2s1', 'c1ccsc1', 'CCCCCCCCC(CCCCCC)Cn1nc2cc(F)c(F)cc2n1', 'Cc1cccs1']",{[][<]Cc1cc2c(-c3ccc(SSCC4CCCCC4)s3)c3sccc3c(-c3ccc(SSCC4CCCCC4)s3)c2s1[>][<]}{[>][<]c1ccsc1[>][<]}{[>][<]CCCCCCCCC(CCCCCC)Cn1nc2cc(F)c(F)cc2n1Cc1cccs1[>][]}
PBDT-DODTBT,CCCCCCCCOc1c(OCCCCCCCC)c(-c2ccc(-c3cc4c(OCC(CC)CCCC)c5sc(C)cc5c(OCC(CC)CCCC)c4s3)s2)c2nsnc2c1-c1ccc(C)s1,"['CCCCC(CC)COc1c2cc(C)sc2c(OCC(CC)CCCC)c2ccsc12', 'c1ccsc1', 'CCCCCCCCOc1cc2nsnc2cc1OCCCCCCCC', 'Cc1cccs1']",{[][<]CCCCC(CC)COc1c2cc(C)sc2c(OCC(CC)CCCC)c2ccsc12[>][<]}{[>][<]c1ccsc1[>][<]}{[>][<]CCCCCCCCOc1cc2nsnc2cc1OCCCCCCCCCc1cccs1[>][]}
PBDT-TBT-C6,CCCCCCCCCCCCSOc1c2cc(-c3sc(-c4c(OCCCCCCCC)c(OCCCCCCCC)c(-c5cc(CCCCCC)c(C)s5)c5nsnc45)cc3CCCCCC)sc2c(OSCCCCCCCCCCCC)c2cc(C)sc12,"['CCCCCCCCCCCCSOc1c2cc(C)sc2c(OSCCCCCCCCCCCC)c2ccsc12', 'CCCCCCc1ccsc1', 'CCCCCCCCOc1cc2nsnc2cc1OCCCCCCCC', 'CCCCCCc1ccsc1C']",{[][<]CCCCCCCCCCCCSOc1c2cc(C)sc2c(OSCCCCCCCCCCCC)c2ccsc12[>][<]}{[>][<]CCCCCCc1ccsc1[>][<]}{[>][<]CCCCCCCCOc1cc2nsnc2cc1OCCCCCCCCCCCCCCc1ccsc1C[>][]}
PBDT-TBT-C8,CCCCCCCCCCCCSOc1c2cc(-c3sc(-c4c(OCCCCCCCC)c(OCCCCCCCC)c(-c5cc(CCCCCCCC)c(C)s5)c5nsnc45)cc3CCCCCCCC)sc2c(OSCCCCCCCCCCCC)c2cc(C)sc12,"['CCCCCCCCCCCCSOc1c2cc(C)sc2c(OSCCCCCCCCCCCC)c2ccsc12', 'CCCCCCCCc1ccsc1', 'CCCCCCCCOc1cc2nsnc2cc1OCCCCCCCC', 'CCCCCCCCc1ccsc1C']",{[][<]CCCCCCCCCCCCSOc1c2cc(C)sc2c(OSCCCCCCCCCCCC)c2ccsc12[>][<]}{[>][<]CCCCCCCCc1ccsc1[>][<]}{[>][<]CCCCCCCCOc1cc2nsnc2cc1OCCCCCCCCCCCCCCCCc1ccsc1C[>][]}
PBDT-TBT-C10,CCCCCCCCCCCCSOc1c2cc(-c3sc(-c4c(OCCCCCCCC)c(OCCCCCCCC)c(-c5cc(CCCCCCCCCC)c(C)s5)c5nsnc45)cc3CCCCCCCCCC)sc2c(OSCCCCCCCCCCCC)c2cc(C)sc12,"['CCCCCCCCCCCCSOc1c2cc(C)sc2c(OSCCCCCCCCCCCC)c2ccsc12', 'CCCCCCCCCCc1ccsc1', 'CCCCCCCCOc1cc2nsnc2cc1OCCCCCCCC', 'CCCCCCCCCCc1ccsc1C']",{[][<]CCCCCCCCCCCCSOc1c2cc(C)sc2c(OSCCCCCCCCCCCC)c2ccsc12[>][<]}{[>][<]CCCCCCCCCCc1ccsc1[>][<]}{[>][<]CCCCCCCCOc1cc2nsnc2cc1OCCCCCCCCCCCCCCCCCCc1ccsc1C[>][]}
PBDT-TBT-C12,CCCCCCCCCCCCSOc1c2cc(-c3sc(-c4c(OCCCCCCCC)c(OCCCCCCCC)c(-c5cc(SCCCCCCCCCCCC)c(C)s5)c5nsnc45)cc3SCCCCCCCCCCCC)sc2c(OSCCCCCCCCCCCC)c2cc(C)sc12,"['CCCCCCCCCCCCSOc1c2cc(C)sc2c(OSCCCCCCCCCCCC)c2ccsc12', 'CCCCCCCCCCCCSc1ccsc1', 'CCCCCCCCOc1cc2nsnc2cc1OCCCCCCCC', 'CCCCCCCCCCCCSc1ccsc1C']",{[][<]CCCCCCCCCCCCSOc1c2cc(C)sc2c(OSCCCCCCCCCCCC)c2ccsc12[>][<]}{[>][<]CCCCCCCCCCCCSc1ccsc1[>][<]}{[>][<]CCCCCCCCOc1cc2nsnc2cc1OCCCCCCCCCCCCCCCCCCCCSc1ccsc1C[>][]}
P0T,CCCCCCCCc1cc(-c2c3cc(-c4c(F)c(F)c(C)c5nsnc45)sc3c(-c3cc(CCCCCCCC)c(CCCCCCCC)s3)c3cc(C)sc23)sc1CCCCCCCC,"['CCCCCCCCc1cc(-c2c3cc(C)sc3c(-c3cc(CCCCCCCC)c(CCCCCCCC)s3)c3ccsc23)sc1CCCCCCCC', 'Cc1c(F)c(F)cc2nsnc12']",{[][<]CCCCCCCCc1cc(-c2c3cc(C)sc3c(-c3cc(CCCCCCCC)c(CCCCCCCC)s3)c3ccsc23)sc1CCCCCCCCCc1c(F)c(F)cc2nsnc12[>][]}
P1T,CCCCCCCCc1cc(-c2c3cc(-c4ccc(-c5c(F)c(F)c(C)c6nsnc56)s4)sc3c(-c3cc(CCCCCCCC)c(CCCCCCCC)s3)c3cc(C)sc23)sc1CCCCCCCC,"['CCCCCCCCc1cc(-c2c3cc(C)sc3c(-c3cc(CCCCCCCC)c(CCCCCCCC)s3)c3ccsc23)sc1CCCCCCCC', 'c1ccsc1', 'Cc1c(F)c(F)cc2nsnc12']",{[][<]CCCCCCCCc1cc(-c2c3cc(C)sc3c(-c3cc(CCCCCCCC)c(CCCCCCCC)s3)c3ccsc23)sc1CCCCCCCC[>][<]}{[>][<]c1ccsc1Cc1c(F)c(F)cc2nsnc12[>][]}
P2T,CCCCCCCCc1cc(-c2c3cc(-c4ccc(-c5c(F)c(F)c(-c6ccc(C)s6)c6nsnc56)s4)sc3c(-c3cc(CCCCCCCC)c(CCCCCCCC)s3)c3cc(C)sc23)sc1CCCCCCCC,"['CCCCCCCCc1cc(-c2c3cc(C)sc3c(-c3cc(CCCCCCCC)c(CCCCCCCC)s3)c3ccsc23)sc1CCCCCCCC', 'c1ccsc1', 'Cc1ccc(-c2c(F)c(F)cc3nsnc23)s1']",{[][<]CCCCCCCCc1cc(-c2c3cc(C)sc3c(-c3cc(CCCCCCCC)c(CCCCCCCC)s3)c3ccsc23)sc1CCCCCCCC[>][<]}{[>][<]c1ccsc1Cc1ccc(-c2c(F)c(F)cc3nsnc23)s1[>][]}
PBDT-2TC,CCCCCCC(CCCC)CSOC(=O)c1cc(-c2cc3c(-c4ccc(CC(CC)CCCC)s4)c4sc(C)cc4c(-c4ccc(CC(CC)CCCC)s4)c3s2)sc1-c1ccc(C)s1,"['CCCCC(CC)Cc1ccc(-c2c3cc(C)sc3c(-c3ccc(CC(CC)CCCC)s3)c3ccsc23)s1', 'Cc1cccs1', 'CCCCCCC(CCCC)CSOC(=O)c1ccsc1']",{[][<]CCCCC(CC)Cc1ccc(-c2c3cc(C)sc3c(-c3ccc(CC(CC)CCCC)s3)c3ccsc23)s1[>][<]}{[>][<]Cc1cccs1CCCCCCC(CCCC)CSOC(=O)c1ccsc1[>][]}
PBDT-S-2TC,CCCCCCC(CCCC)CSOC(=O)c1cc(-c2cc3c(-c4ccc(SCC(CC)CCCC)s4)c4sc(C)cc4c(-c4ccc(SCC(CC)CCCC)s4)c3s2)sc1-c1ccc(C)s1,"['CCCCC(CC)CSc1ccc(-c2c3cc(C)sc3c(-c3ccc(SCC(CC)CCCC)s3)c3ccsc23)s1', 'Cc1cccs1', 'CCCCCCC(CCCC)CSOC(=O)c1ccsc1']",{[][<]CCCCC(CC)CSc1ccc(-c2c3cc(C)sc3c(-c3ccc(SCC(CC)CCCC)s3)c3ccsc23)s1[>][<]}{[>][<]Cc1cccs1CCCCCCC(CCCC)CSOC(=O)c1ccsc1[>][]}
PBDT-TDZ,CCCCCCCCc1cc(-c2nnc(-c3cc(CCCCCCCC)c(-c4cc5c(-c6ccc(SCC(CCCC)CCCCCC)s6)c6sc(C)cc6c(-c6ccc(CCCCC(CS)CCCCCC)s6)c5s4)s3)s2)sc1C,"['CCCCCCC(CS)CCCCc1ccc(-c2c3cc(C)sc3c(-c3ccc(SCC(CCCC)CCCCCC)s3)c3ccsc23)s1', 'CCCCCCCCc1ccsc1', 'c1nncs1', 'CCCCCCCCc1ccsc1C']",{[][<]CCCCCCC(CS)CCCCc1ccc(-c2c3cc(C)sc3c(-c3ccc(SCC(CCCC)CCCCCC)s3)c3ccsc23)s1[>][<]}{[>][<]CCCCCCCCc1ccsc1[>][<]}{[>][<]c1nncs1CCCCCCCCc1ccsc1C[>][]}
PBDTS-TDZ,CCCCCCCCc1cc(-c2nnc(-c3cc(CCCCCCCC)c(-c4cc5c(-c6ccc(SSCC(CCCC)CCCCCC)s6)c6sc(C)cc6c(-c6ccc(SSCC(CCCC)CCCCCC)s6)c5s4)s3)s2)sc1C,"['CCCCCCC(CCCC)CSSc1ccc(-c2c3cc(C)sc3c(-c3ccc(SSCC(CCCC)CCCCCC)s3)c3ccsc23)s1', 'CCCCCCCCc1ccsc1', 'c1nncs1', 'CCCCCCCCc1ccsc1C']",{[][<]CCCCCCC(CCCC)CSSc1ccc(-c2c3cc(C)sc3c(-c3ccc(SSCC(CCCC)CCCCCC)s3)c3ccsc23)s1[>][<]}{[>][<]CCCCCCCCc1ccsc1[>][<]}{[>][<]c1nncs1CCCCCCCCc1ccsc1C[>][]}
S-PBDT,CCCCC(CC)CSc1ccc(-c2c3cc(C)sc3c(-c3ccc(SCC(CC)CCCC)s3)c3cc(C)sc23)s1,['CCCCC(CC)CSc1ccc(-c2c3cc(C)sc3c(-c3ccc(SCC(CC)CCCC)s3)c3cc(C)sc23)s1'],{[][<]CCCCC(CC)CSc1ccc(-c2c3cc(C)sc3c(-c3ccc(SCC(CC)CCCC)s3)c3cc(C)sc23)s1
PBDT-DFBO,CCCCCCCCOc1c(OCCCCCCCC)c(-c2ccc(-c3cc4c(OCC(CC)CCCC)c5sc(C)cc5c(OCC(CC)CCCC)c4s3)o2)c2nonc2c1-c1ccc(C)o1,"['CCCCC(CC)COc1c2cc(C)sc2c(OCC(CC)CCCC)c2ccsc12', 'c1ccoc1', 'CCCCCCCCOc1cc2nonc2cc1OCCCCCCCC', 'Cc1ccco1']",{[][<]CCCCC(CC)COc1c2cc(C)sc2c(OCC(CC)CCCC)c2ccsc12[>][<]}{[>][<]c1ccoc1[>][<]}{[>][<]CCCCCCCCOc1cc2nonc2cc1OCCCCCCCCCc1ccco1[>][]}
PBDTT-DFBO,CCCCCCCCOc1c(OCCCCCCCC)c(-c2ccc(-c3cc4c(-c5ccc(CC(CC)CCCC)s5)c5sc(C)cc5c(-c5ccc(CC(CC)CCCC)s5)c4s3)o2)c2nonc2c1-c1ccc(C)o1,"['CCCCC(CC)Cc1ccc(-c2c3cc(C)sc3c(-c3ccc(CC(CC)CCCC)s3)c3ccsc23)s1', 'c1ccoc1', 'CCCCCCCCOc1cc2nonc2cc1OCCCCCCCC', 'Cc1ccco1']",{[][<]CCCCC(CC)Cc1ccc(-c2c3cc(C)sc3c(-c3ccc(CC(CC)CCCC)s3)c3ccsc23)s1[>][<]}{[>][<]c1ccoc1[>][<]}{[>][<]CCCCCCCCOc1cc2nonc2cc1OCCCCCCCCCc1ccco1[>][]}
PBDTF-DFBO,CCCCCCCCOc1c(OCCCCCCCC)c(-c2ccc(-c3cc4c(-c5ccc(CC(CC)CCCC)o5)c5sc(C)cc5c(-c5ccc(CC(CC)CCCC)o5)c4s3)o2)c2nonc2c1-c1ccc(C)o1,"['CCCCC(CC)Cc1ccc(-c2c3cc(C)sc3c(-c3ccc(CC(CC)CCCC)o3)c3ccsc23)o1', 'c1ccoc1', 'CCCCCCCCOc1cc2nonc2cc1OCCCCCCCC', 'Cc1ccco1']",{[][<]CCCCC(CC)Cc1ccc(-c2c3cc(C)sc3c(-c3ccc(CC(CC)CCCC)o3)c3ccsc23)o1[>][<]}{[>][<]c1ccoc1[>][<]}{[>][<]CCCCCCCCOc1cc2nonc2cc1OCCCCCCCCCc1ccco1[>][]}
PBDT-DTBT,CCCCCCCCCCc1cc(-c2c3cc(-c4sc(-c5ccc(-c6cc(CCCCCC)c(C)s6)c6nsnc56)cc4CCCCCC)sc3c(-c3cc(CCCCCCCCCC)c(CCCCCCCCCC)s3)c3cc(C)sc23)sc1CCCCCCCCCC,"['CCCCCCCCCCc1cc(-c2c3cc(C)sc3c(-c3cc(CCCCCCCCCC)c(CCCCCCCCCC)s3)c3ccsc23)sc1CCCCCCCCCC', 'CCCCCCc1ccsc1', 'c1ccc2nsnc2c1', 'CCCCCCc1ccsc1C']",{[][<]CCCCCCCCCCc1cc(-c2c3cc(C)sc3c(-c3cc(CCCCCCCCCC)c(CCCCCCCCCC)s3)c3ccsc23)sc1CCCCCCCCCC[>][<]}{[>][<]CCCCCCc1ccsc1[>][<]}{[>][<]c1ccc2nsnc2c1CCCCCCc1ccsc1C[>][]}
PBDT-BX,CCCCCCCCCCOc1c(OCCCCCCCCCC)c(-c2cc3c(OCCCCCCCC)c4sc(C)cc4c(OCCCCCCCC)c3s2)c2nonc2c1C,"['CCCCCCCCOc1c2cc(C)sc2c(OCCCCCCCC)c2ccsc12', 'CCCCCCCCCCOc1cc2nonc2c(C)c1OCCCCCCCCCC']",{[][<]CCCCCCCCOc1c2cc(C)sc2c(OCCCCCCCC)c2ccsc12CCCCCCCCCCOc1cc2nonc2c(C)c1OCCCCCCCCCC[>][]}
PBDT-DTBX,CCCCCCCCCCOc1c(OCCCCCCCCCC)c(-c2ccc(-c3cc4c(OCCCCCCCC)c5sc(C)cc5c(OCCCCCCCC)c4s3)s2)c2nonc2c1-c1ccc(C)s1,"['CCCCCCCCOc1c2cc(C)sc2c(OCCCCCCCC)c2ccsc12', 'c1ccsc1', 'CCCCCCCCCCOc1cc2nonc2cc1OCCCCCCCCCC', 'Cc1cccs1']",{[][<]CCCCCCCCOc1c2cc(C)sc2c(OCCCCCCCC)c2ccsc12[>][<]}{[>][<]c1ccsc1[>][<]}{[>][<]CCCCCCCCCCOc1cc2nonc2cc1OCCCCCCCCCCCc1cccs1[>][]}
FTAZ,CCCCCCC(CCCC)CSc1c2cc(-c3ccc(-c4c(F)c(F)c(-c5ccc(C)s5)c5nn(SCC(CCCC)CCCCCC)nc45)s3)sc2c(SCC(CCCC)CCCCCC)c2cc(C)sc12,"['CCCCCCC(CCCC)CSc1c2cc(C)sc2c(SCC(CCCC)CCCCCC)c2ccsc12', 'c1ccsc1', 'CCCCCCC(CCCC)CSn1nc2cc(F)c(F)cc2n1', 'Cc1cccs1']",{[][<]CCCCCCC(CCCC)CSc1c2cc(C)sc2c(SCC(CCCC)CCCCCC)c2ccsc12[>][<]}{[>][<]c1ccsc1[>][<]}{[>][<]CCCCCCC(CCCC)CSn1nc2cc(F)c(F)cc2n1Cc1cccs1[>][]}
PBFZ-OP,CCCCCCCCC(CCCCCC)Cn1nc2c(-c3ccc(C)s3)c(F)c(F)c(-c3ccc(-c4cc5c(-c6cccc(OCC(CC)CCCC)c6)c6sc(C)cc6c(-c6cccc(OCC(CC)CCCC)c6)c5s4)s3)c2n1,"['CCCCC(CC)COc1cccc(-c2c3cc(C)sc3c(-c3cccc(OCC(CC)CCCC)c3)c3ccsc23)c1', 'c1ccsc1', 'CCCCCCCCC(CCCCCC)Cn1nc2cc(F)c(F)cc2n1', 'Cc1cccs1']",{[][<]CCCCC(CC)COc1cccc(-c2c3cc(C)sc3c(-c3cccc(OCC(CC)CCCC)c3)c3ccsc23)c1[>][<]}{[>][<]c1ccsc1[>][<]}{[>][<]CCCCCCCCC(CCCCCC)Cn1nc2cc(F)c(F)cc2n1Cc1cccs1[>][]}
PBDT[2H]T,CCCCC(CC)COc1c2cc(-c3ccc(C)s3)sc2c(OCC(CC)CCCC)c2cc(C)sc12,"['CCCCC(CC)COc1c2cc(C)sc2c(OCC(CC)CCCC)c2ccsc12', 'Cc1cccs1']",{[][<]CCCCC(CC)COc1c2cc(C)sc2c(OCC(CC)CCCC)c2ccsc12Cc1cccs1[>][]}
PBDT[2F]T,CCCCC(CC)COc1c2cc(-c3sc(C)c(F)c3F)sc2c(OCC(CC)CCCC)c2cc(C)sc12,"['CCCCC(CC)COc1c2cc(C)sc2c(OCC(CC)CCCC)c2ccsc12', 'Cc1scc(F)c1F']",{[][<]CCCCC(CC)COc1c2cc(C)sc2c(OCC(CC)CCCC)c2ccsc12Cc1scc(F)c1F[>][]}
PBDT(T)[2F]T,CCCCC(CC)Cc1ccc(-c2c3cc(-c4sc(C)c(F)c4F)sc3c(-c3ccc(CC(CC)CCCC)s3)c3cc(C)sc23)s1,"['CCCCC(CC)Cc1ccc(-c2c3cc(C)sc3c(-c3ccc(CC(CC)CCCC)s3)c3ccsc23)s1', 'Cc1scc(F)c1F']",{[][<]CCCCC(CC)Cc1ccc(-c2c3cc(C)sc3c(-c3ccc(CC(CC)CCCC)s3)c3ccsc23)s1Cc1scc(F)c1F[>][]}
PBDTaNPFBT,CCCCCCCCCCC(CCCCCCCC)COc1c2cc(-c3sc(-c4c(F)c(F)c(-c5cc(CC(CC)CCCC)c(C)s5)c5nsnc45)cc3CC(CC)CCCC)sc2c(-c2cccc3ccccc23)c2cc(C)sc12,"['CCCCCCCCCCC(CCCCCCCC)COc1c2ccsc2c(-c2cccc3ccccc23)c2cc(C)sc12', 'CCCCC(CC)Cc1ccsc1', 'Fc1cc2nsnc2cc1F', 'CCCCC(CC)Cc1ccsc1C']",{[][<]CCCCCCCCCCC(CCCCCCCC)COc1c2ccsc2c(-c2cccc3ccccc23)c2cc(C)sc12[>][<]}{[>][<]CCCCC(CC)Cc1ccsc1[>][<]}{[>][<]Fc1cc2nsnc2cc1FCCCCC(CC)Cc1ccsc1C[>][]}
PBDTbNPFBT,CCCCCCCCCCC(CCCCCCCC)COc1c2cc(-c3sc(-c4c(F)c(F)c(-c5cc(CC(CC)CCCC)c(C)s5)c5nsnc45)cc3CC(CC)CCCC)sc2c(-c2ccc3ccccc3c2)c2cc(C)sc12,"['CCCCCCCCCCC(CCCCCCCC)COc1c2ccsc2c(-c2ccc3ccccc3c2)c2cc(C)sc12', 'CCCCC(CC)Cc1ccsc1', 'Fc1cc2nsnc2cc1F', 'CCCCC(CC)Cc1ccsc1C']",{[][<]CCCCCCCCCCC(CCCCCCCC)COc1c2ccsc2c(-c2ccc3ccccc3c2)c2cc(C)sc12[>][<]}{[>][<]CCCCC(CC)Cc1ccsc1[>][<]}{[>][<]Fc1cc2nsnc2cc1FCCCCC(CC)Cc1ccsc1C[>][]}
PBDT-DTffBT,CCCCCCCCCCC(CCCCCCCC)Cc1cc(-c2c(F)c(F)c(-c3cc(CC(CCCCCCCC)CCCCCCCCCC)c(-c4cc5cc6sc(C)cc6cc5s4)s3)c3nsnc23)sc1C,"['Cc1cc2cc3sccc3cc2s1', 'CCCCCCCCCCC(CCCCCCCC)Cc1ccsc1', 'Fc1cc2nsnc2cc1F', 'CCCCCCCCCCC(CCCCCCCC)Cc1ccsc1C']",{[][<]Cc1cc2cc3sccc3cc2s1[>][<]}{[>][<]CCCCCCCCCCC(CCCCCCCC)Cc1ccsc1[>][<]}{[>][<]Fc1cc2nsnc2cc1FCCCCCCCCCCC(CCCCCCCC)Cc1ccsc1C[>][]}
O-PBDT,CCCCC(CC)COc1c2cc(C)sc2c(OCC(CC)CCCC)c2cc(C)sc12,['CCCCC(CC)COc1c2cc(C)sc2c(OCC(CC)CCCC)c2cc(C)sc12'],{[][<]CCCCC(CC)COc1c2cc(C)sc2c(OCC(CC)CCCC)c2cc(C)sc12
SO-PBDT,CCCCC(CC)COc1c2cc(-c3cc4c(SCC(CC)CCCC)c5sc(C)cc5c(SCC(CC)CCCC)c4s3)sc2c(OCC(CC)CCCC)c2cc(C)sc12,"['CCCCC(CC)COc1c2cc(C)sc2c(OCC(CC)CCCC)c2ccsc12', 'CCCCC(CC)CSc1c2cc(C)sc2c(SCC(CC)CCCC)c2ccsc12']",{[][<]CCCCC(CC)COc1c2cc(C)sc2c(OCC(CC)CCCC)c2ccsc12CCCCC(CC)CSc1c2cc(C)sc2c(SCC(CC)CCCC)c2ccsc12[>][]}
PBDT-KTBDT,CCCCC(CC)COc1c2cc(-c3cc4c(-c5ccc(C(=O)CC(CC)CCCC)s5)c5sc(C)cc5c(C5=CC=C(C(=O)CC(CC)CCCC)C5)c4s3)sc2c(OCC(CC)CCCC)c2cc(C)sc12,"['CCCCC(CC)CC(=O)C1=CC=C(c2c3cc(C)sc3c(-c3ccc(C(=O)CC(CC)CCCC)s3)c3ccsc23)C1', 'CCCCC(CC)COc1c2cc(C)sc2c(OCC(CC)CCCC)c2ccsc12']",{[][<]CCCCC(CC)CC(=O)C1=CC=C(c2c3cc(C)sc3c(-c3ccc(C(=O)CC(CC)CCCC)s3)c3ccsc23)C1CCCCC(CC)COc1c2cc(C)sc2c(OCC(CC)CCCC)c2ccsc12[>][]}
PBDT-ROBT,CCCCCCCCCCCCSOc1c(OSCCCCCCCCCCCC)c(-c2cc3c(OCC(CCCCCCCC)CCCCCCCCCC)c4sc(C)cc4c(OCC(CCCCCCCC)CCCCCCCCCC)c3s2)c2nsnc2c1C,"['CCCCCCCCCCC(CCCCCCCC)COc1c2cc(C)sc2c(OCC(CCCCCCCC)CCCCCCCCCC)c2ccsc12', 'CCCCCCCCCCCCSOc1cc2nsnc2c(C)c1OSCCCCCCCCCCCC']",{[][<]CCCCCCCCCCC(CCCCCCCC)COc1c2cc(C)sc2c(OCC(CCCCCCCC)CCCCCCCCCC)c2ccsc12CCCCCCCCCCCCSOc1cc2nsnc2c(C)c1OSCCCCCCCCCCCC[>][]}
PBDT-2T-ROBT,CCCCCCCCCCCCSOc1c(OSCCCCCCCCCCCC)c(-c2ccc(-c3ccc(-c4cc5c(OCC(CCCCCCCC)CCCCCCCCCC)c6sc(C)cc6c(OCC(CCCCCCCC)CCCCCCCCCC)c5s4)s3)s2)c2nsnc2c1-c1ccc(-c2ccc(C)s2)s1,"['CCCCCCCCCCC(CCCCCCCC)COc1c2cc(C)sc2c(OCC(CCCCCCCC)CCCCCCCCCC)c2ccsc12', 'c1ccsc1', 'c1ccsc1', 'CCCCCCCCCCCCSOc1cc2nsnc2cc1OSCCCCCCCCCCCC', 'c1ccsc1', 'Cc1cccs1']",{[][<]CCCCCCCCCCC(CCCCCCCC)COc1c2cc(C)sc2c(OCC(CCCCCCCC)CCCCCCCCCC)c2ccsc12[>][<]}{[>][<]c1ccsc1[>][<]}{[>][<]c1ccsc1[>][<]}{[>][<]CCCCCCCCCCCCSOc1cc2nsnc2cc1OSCCCCCCCCCCCC[>][<]}{[>][<]c1ccsc1Cc1cccs1[>][]}
PBDT-DTTBT,CCCCCCCCCCC(CCCCCCCC)COc1c2cc(-c3sc(-c4ccc(-c5cc(-c6ccc(CCCCCC)s6)c(C)s5)c5nsnc45)cc3-c3ccc(CCCCCC)s3)sc2c(OCCCCCCCCCCC(C)CCCCCCCC)c2cc(C)sc12,"['CCCCCCCCCCC(CCCCCCCC)COc1c2ccsc2c(OCCCCCCCCCCC(C)CCCCCCCC)c2cc(C)sc12', 'CCCCCCc1ccc(-c2ccsc2)s1', 'c1ccc2nsnc2c1', 'CCCCCCc1ccc(-c2ccsc2C)s1']",{[][<]CCCCCCCCCCC(CCCCCCCC)COc1c2ccsc2c(OCCCCCCCCCCC(C)CCCCCCCC)c2cc(C)sc12[>][<]}{[>][<]CCCCCCc1ccc(-c2ccsc2)s1[>][<]}{[>][<]c1ccc2nsnc2c1CCCCCCc1ccc(-c2ccsc2C)s1[>][]}
PBDT-TBT,CCCCC(CC)COc1c(OCC(CC)CCCC)c(-c2ccc(-c3cc4c(-c5ccc(CC(CC)CCCC)s5)c5sc(C)cc5c(-c5ccc(CC(CC)CCCC)s5)c4s3)s2)c2nsnc2c1-c1ccc(C)s1,"['CCCCC(CC)Cc1ccc(-c2c3cc(C)sc3c(-c3ccc(CC(CC)CCCC)s3)c3ccsc23)s1', 'c1ccsc1', 'CCCCC(CC)COc1cc2nsnc2cc1OCC(CC)CCCC', 'Cc1cccs1']",{[][<]CCCCC(CC)Cc1ccc(-c2c3cc(C)sc3c(-c3ccc(CC(CC)CCCC)s3)c3ccsc23)s1[>][<]}{[>][<]c1ccsc1[>][<]}{[>][<]CCCCC(CC)COc1cc2nsnc2cc1OCC(CC)CCCCCc1cccs1[>][]}
PBDT-TTBT,CCCCCCC(CCCC)CSOc1c(OSCC(CCCC)CCCCCC)c(-c2cc3sc(-c4cc5c(-c6ccc(CC(CC)CCCC)s6)c6sc(C)cc6c(-c6ccc(CC(CC)CCCC)s6)c5s4)cc3s2)c2nsnc2c1-c1cc2sc(C)cc2s1,"['CCCCC(CC)Cc1ccc(-c2c3cc(C)sc3c(-c3ccc(CC(CC)CCCC)s3)c3ccsc23)s1', 'c1cc2sccc2s1', 'CCCCCCC(CCCC)CSOc1cc2nsnc2cc1OSCC(CCCC)CCCCCC', 'Cc1cc2sccc2s1']",{[][<]CCCCC(CC)Cc1ccc(-c2c3cc(C)sc3c(-c3ccc(CC(CC)CCCC)s3)c3ccsc23)s1[>][<]}{[>][<]c1cc2sccc2s1[>][<]}{[>][<]CCCCCCC(CCCC)CSOc1cc2nsnc2cc1OSCC(CCCC)CCCCCCCc1cc2sccc2s1[>][]}
PBDT-TT,CCCCC(CC)COC(=O)c1c(-c2ccc(C)s2)sc2c(C(=O)OCC(CC)CCCC)c(-c3ccc(-c4cc5c(-c6ccc(CC(CC)CCCC)s6)c6sc(C)cc6c(-c6ccc(CC(CC)CCCC)s6)c5s4)s3)sc12,"['CCCCC(CC)Cc1ccc(-c2c3cc(C)sc3c(-c3ccc(CC(CC)CCCC)s3)c3ccsc23)s1', 'c1ccsc1', 'CCCCC(CC)COC(=O)c1csc2c(C(=O)OCC(CC)CCCC)csc12', 'Cc1cccs1']",{[][<]CCCCC(CC)Cc1ccc(-c2c3cc(C)sc3c(-c3ccc(CC(CC)CCCC)s3)c3ccsc23)s1[>][<]}{[>][<]c1ccsc1[>][<]}{[>][<]CCCCC(CC)COC(=O)c1csc2c(C(=O)OCC(CC)CCCC)csc12Cc1cccs1[>][]}
PBDT-BT,CCCCCCCCCCCCSOc1c2cc(-c3c(OCCCCCCCC)c(OCCCCCCCC)c(C)c4nsnc34)sc2c(OSCCCCCCCCCCCC)c2cc(C)sc12,"['CCCCCCCCCCCCSOc1c2cc(C)sc2c(OSCCCCCCCCCCCC)c2ccsc12', 'CCCCCCCCOc1cc2nsnc2c(C)c1OCCCCCCCC']",{[][<]CCCCCCCCCCCCSOc1c2cc(C)sc2c(OSCCCCCCCCCCCC)c2ccsc12CCCCCCCCOc1cc2nsnc2c(C)c1OCCCCCCCC[>][]}
PBDT-TTBTT,CCCCCCCCCCCCSOc1c2cc(-c3sc4cc(-c5c(OCCCCCCCC)c(OCCCCCCCC)c(-c6cc7sc(C)c(CCCCC)c7s6)c6nsnc56)sc4c3CCCCC)sc2c(OSCCCCCCCCCCCC)c2cc(C)sc12,"['CCCCCCCCCCCCSOc1c2cc(C)sc2c(OSCCCCCCCCCCCC)c2ccsc12', 'CCCCCc1csc2ccsc12', 'CCCCCCCCOc1cc2nsnc2cc1OCCCCCCCC', 'CCCCCc1c(C)sc2ccsc12']",{[][<]CCCCCCCCCCCCSOc1c2cc(C)sc2c(OSCCCCCCCCCCCC)c2ccsc12[>][<]}{[>][<]CCCCCc1csc2ccsc12[>][<]}{[>][<]CCCCCCCCOc1cc2nsnc2cc1OCCCCCCCCCCCCCc1c(C)sc2ccsc12[>][]}
PBDTTEH-DTHBTff,CCCCCCc1cc(-c2c(F)c(F)c(-c3cc(CCCCCC)c(-c4cc5c(-c6ccc(CC(CC)CCCC)s6)c6sc(C)cc6c(-c6ccc(CC(CC)CCCC)s6)c5s4)s3)c3nsnc23)sc1C,"['CCCCC(CC)Cc1ccc(-c2c3cc(C)sc3c(-c3ccc(CC(CC)CCCC)s3)c3ccsc23)s1', 'CCCCCCc1ccsc1', 'Fc1cc2nsnc2cc1F', 'CCCCCCc1ccsc1C']",{[][<]CCCCC(CC)Cc1ccc(-c2c3cc(C)sc3c(-c3ccc(CC(CC)CCCC)s3)c3ccsc23)s1[>][<]}{[>][<]CCCCCCc1ccsc1[>][<]}{[>][<]Fc1cc2nsnc2cc1FCCCCCCc1ccsc1C[>][]}
PBDTTEH-DTEHBTff,CCCCC(CC)Cc1ccc(-c2c3cc(-c4sc(-c5c(F)c(F)c(-c6cc(CC(CC)CCCC)c(C)s6)c6nsnc56)cc4CC(CC)CCCC)sc3c(-c3ccc(CC(CC)CCCC)s3)c3cc(C)sc23)s1,"['CCCCC(CC)Cc1ccc(-c2c3cc(C)sc3c(-c3ccc(CC(CC)CCCC)s3)c3ccsc23)s1', 'CCCCC(CC)Cc1ccsc1', 'Fc1cc2nsnc2cc1F', 'CCCCC(CC)Cc1ccsc1C']",{[][<]CCCCC(CC)Cc1ccc(-c2c3cc(C)sc3c(-c3ccc(CC(CC)CCCC)s3)c3ccsc23)s1[>][<]}{[>][<]CCCCC(CC)Cc1ccsc1[>][<]}{[>][<]Fc1cc2nsnc2cc1FCCCCC(CC)Cc1ccsc1C[>][]}
PBDTTDD-DTHBTff,CCCCCCCCC(CCCCCC)COc1c2cc(-c3sc(-c4c(F)c(F)c(-c5cc(CCCCCC)c(C)s5)c5nsnc45)cc3CCCCCC)sc2c(OCC(CCCCCC)CCCCCCCC)c2cc(C)sc12,"['CCCCCCCCC(CCCCCC)COc1c2cc(C)sc2c(OCC(CCCCCC)CCCCCCCC)c2ccsc12', 'CCCCCCc1ccsc1', 'Fc1cc2nsnc2cc1F', 'CCCCCCc1ccsc1C']",{[][<]CCCCCCCCC(CCCCCC)COc1c2cc(C)sc2c(OCC(CCCCCC)CCCCCCCC)c2ccsc12[>][<]}{[>][<]CCCCCCc1ccsc1[>][<]}{[>][<]Fc1cc2nsnc2cc1FCCCCCCc1ccsc1C[>][]}
PBDT-tt-BT,CCCCCCCCCCCCCCCCOc1c2cc(-c3sc4cc(-c5ccc(-c6cc7sc(C)c(CCCCCCCCCCC)c7s6)c6nsnc56)sc4c3CCCCCCCCCCC)sc2c(OCCCCCCCCCCCCCCCC)c2cc(C)sc12,"['CCCCCCCCCCCCCCCCOc1c2cc(C)sc2c(OCCCCCCCCCCCCCCCC)c2ccsc12', 'CCCCCCCCCCCc1csc2ccsc12', 'c1ccc2nsnc2c1', 'CCCCCCCCCCCc1c(C)sc2ccsc12']",{[][<]CCCCCCCCCCCCCCCCOc1c2cc(C)sc2c(OCCCCCCCCCCCCCCCC)c2ccsc12[>][<]}{[>][<]CCCCCCCCCCCc1csc2ccsc12[>][<]}{[>][<]c1ccc2nsnc2c1CCCCCCCCCCCc1c(C)sc2ccsc12[>][]}
PC-tt-BT,CCCCCCCCCCCc1c(C)sc2cc(-c3ccc(-c4cc5sc(-c6ccc7c8ccc(C)cc8n(C(CCCCCCC)CCCCCCCCC)c7c6)c(CCCCCCCCCCC)c5s4)c4nsnc34)sc12,"['CCCCCCCCCC(CCCCCCC)n1c2ccccc2c2ccc(C)cc21', 'CCCCCCCCCCCc1csc2ccsc12', 'c1ccc2nsnc2c1', 'CCCCCCCCCCCc1c(C)sc2ccsc12']",{[][<]CCCCCCCCCC(CCCCCCC)n1c2ccccc2c2ccc(C)cc21[>][<]}{[>][<]CCCCCCCCCCCc1csc2ccsc12[>][<]}{[>][<]c1ccc2nsnc2c1CCCCCCCCCCCc1c(C)sc2ccsc12[>][]}
PF-tt-BT,CCCCCCCCCCCc1c(C)sc2cc(-c3ccc(-c4cc5sc(-c6ccc7c(c6)C(CCCCCCCC)(CCCCCCCC)c6cc(C)ccc6-7)c(CCCCCCCCCCC)c5s4)c4nsnc34)sc12,"['CCCCCCCCC1(CCCCCCCC)c2ccccc2-c2ccc(C)cc21', 'CCCCCCCCCCCc1csc2ccsc12', 'c1ccc2nsnc2c1', 'CCCCCCCCCCCc1c(C)sc2ccsc12']",{[][<]CCCCCCCCC1(CCCCCCCC)c2ccccc2-c2ccc(C)cc21[>][<]}{[>][<]CCCCCCCCCCCc1csc2ccsc12[>][<]}{[>][<]c1ccc2nsnc2c1CCCCCCCCCCCc1c(C)sc2ccsc12[>][]}
PBDT-DTBTz,CCCCC(CC)COc1c2cc(-c3ccc(-c4ccc(-c5ccc(C)s5)c5nn(CC(CC)CCCC)nc45)s3)sc2c(OCC(CC)CCCC)c2cc(C)sc12,"['CCCCC(CC)COc1c2cc(C)sc2c(OCC(CC)CCCC)c2ccsc12', 'c1ccsc1', 'CCCCC(CC)Cn1nc2ccccc2n1', 'Cc1cccs1']",{[][<]CCCCC(CC)COc1c2cc(C)sc2c(OCC(CC)CCCC)c2ccsc12[>][<]}{[>][<]c1ccsc1[>][<]}{[>][<]CCCCC(CC)Cn1nc2ccccc2n1Cc1cccs1[>][]}
PC-DTBTz,CCCCCCCCn1c2cc(C)ccc2c2ccc(-c3ccc(-c4ccc(-c5ccc(C)s5)c5nn(CC(CC)CCCC)nc45)s3)cc21,"['CCCCCCCCn1c2ccccc2c2ccc(C)cc21', 'c1ccsc1', 'CCCCC(CC)Cn1nc2ccccc2n1', 'Cc1cccs1']",{[][<]CCCCCCCCn1c2ccccc2c2ccc(C)cc21[>][<]}{[>][<]c1ccsc1[>][<]}{[>][<]CCCCC(CC)Cn1nc2ccccc2n1Cc1cccs1[>][]}
PBDT-BT,CCCCCCCCCCCCSc1cc(-c2cc(SCCCCCCCCCCCC)c(-c3cc4c(OCC(CC)CCCC)c5sc(C)cc5c(OCC(CC)CCCC)c4s3)s2)sc1C,"['CCCCC(CC)COc1c2cc(C)sc2c(OCC(CC)CCCC)c2ccsc12', 'CCCCCCCCCCCCSc1ccsc1', 'CCCCCCCCCCCCSc1ccsc1C']",{[][<]CCCCC(CC)COc1c2cc(C)sc2c(OCC(CC)CCCC)c2ccsc12[>][<]}{[>][<]CCCCCCCCCCCCSc1ccsc1CCCCCCCCCCCCSc1ccsc1C[>][]}
PBDT-DTffBT,CCCCCCCCc1cc(-c2c(F)c(F)c(-c3cc(CCCCCCCC)c(-c4cc5c(OCC(CC)CCCC)c6sc(C)cc6c(OCC(CC)CCCC)c5s4)s3)c3nsnc23)sc1C,"['CCCCC(CC)COc1c2cc(C)sc2c(OCC(CC)CCCC)c2ccsc12', 'CCCCCCCCc1ccsc1', 'Fc1cc2nsnc2cc1F', 'CCCCCCCCc1ccsc1C']",{[][<]CCCCC(CC)COc1c2cc(C)sc2c(OCC(CC)CCCC)c2ccsc12[>][<]}{[>][<]CCCCCCCCc1ccsc1[>][<]}{[>][<]Fc1cc2nsnc2cc1FCCCCCCCCc1ccsc1C[>][]}
PF-DTffBT,CCCCCCCCc1cc(-c2c(F)c(F)c(-c3cc(CCCCCCCC)c(-c4ccc5c(c4)C(CCCCCCCC)(CCCCCCCC)c4cc(C)ccc4-5)s3)c3nsnc23)sc1C,"['CCCCCCCCC1(CCCCCCCC)c2ccccc2-c2ccc(C)cc21', 'CCCCCCCCc1ccsc1', 'Fc1cc2nsnc2cc1F', 'CCCCCCCCc1ccsc1C']",{[][<]CCCCCCCCC1(CCCCCCCC)c2ccccc2-c2ccc(C)cc21[>][<]}{[>][<]CCCCCCCCc1ccsc1[>][<]}{[>][<]Fc1cc2nsnc2cc1FCCCCCCCCc1ccsc1C[>][]}
PBDT-DTffBT-F-DTffBT,CCCCCCCCc1cc(-c2c(F)c(F)c(-c3cc(CCCCCCCC)c(-c4ccc5c(c4)C(CCCCCCCC)(CCCCCCCC)c4cc(-c6sc(-c7c(F)c(F)c(-c8cc(CCCCCCCC)c(-c9cc%10c(OCC(CC)CCCC)c%11sc(C)cc%11c(OCC(CC)CCCC)c%10s9)s8)c8nsnc78)cc6CCCCCCCC)ccc4-5)s3)c3nsnc23)sc1C,"['CCCCC(CC)COc1c2cc(C)sc2c(OCC(CC)CCCC)c2ccsc12', 'CCCCCCCCc1ccsc1', 'Fc1cc2nsnc2cc1F', 'CCCCCCCCc1ccsc1', 'CCCCCCCCC1(CCCCCCCC)c2ccccc2-c2ccccc21', 'CCCCCCCCc1ccsc1', 'Fc1cc2nsnc2cc1F', 'CCCCCCCCc1ccsc1C']",{[][<]CCCCC(CC)COc1c2cc(C)sc2c(OCC(CC)CCCC)c2ccsc12[>][<]}{[>][<]CCCCCCCCc1ccsc1[>][<]}{[>][<]Fc1cc2nsnc2cc1F[>][<]}{[>][<]CCCCCCCCc1ccsc1[>][<]}{[>][<]CCCCCCCCC1(CCCCCCCC)c2ccccc2-c2ccccc21[>][<]}{[>][<]CCCCCCCCc1ccsc1[>][<]}{[>][<]Fc1cc2nsnc2cc1FCCCCCCCCc1ccsc1C[>][]}
PffBT4T-2OD,CCCCCCCCCCC(CCCCCCCC)Cc1cc(-c2c(F)c(F)c(-c3cc(CCCCCCCCCCC(C)CCCCCCCC)c(-c4ccc(-c5ccc(C)s5)s4)s3)c3nsnc23)sc1C,"['CCCCCCCCCCC(CCCCCCCC)Cc1ccsc1C', 'Fc1cc2nsnc2cc1F', 'CCCCCCCCC(C)CCCCCCCCCCc1ccsc1', 'c1ccsc1', 'Cc1cccs1']",{[][<]CCCCCCCCCCC(CCCCCCCC)Cc1ccsc1C[>][<]}{[>][<]Fc1cc2nsnc2cc1F[>][<]}{[>][<]CCCCCCCCC(C)CCCCCCCCCCc1ccsc1[>][<]}{[>][<]c1ccsc1Cc1cccs1[>][]}
PRFBDT-BZS,CCCCCCCCCCCCSOc1c(OSCCCCCCCCCCCC)c(-c2ccc(-c3cc4c(-c5cc(F)c(CC(CC)CCCC)c(F)c5)c5sc(C)cc5c(-c5cc(F)c(CC(CC)CCCC)c(F)c5)c4s3)s2)c2nsnc2c1-c1ccc(C)s1,"['CCCCC(CC)Cc1c(F)cc(-c2c3cc(C)sc3c(-c3cc(F)c(CC(CC)CCCC)c(F)c3)c3ccsc23)cc1F', 'c1ccsc1', 'CCCCCCCCCCCCSOc1cc2nsnc2cc1OSCCCCCCCCCCCC', 'Cc1cccs1']",{[][<]CCCCC(CC)Cc1c(F)cc(-c2c3cc(C)sc3c(-c3cc(F)c(CC(CC)CCCC)c(F)c3)c3ccsc23)cc1F[>][<]}{[>][<]c1ccsc1[>][<]}{[>][<]CCCCCCCCCCCCSOc1cc2nsnc2cc1OSCCCCCCCCCCCCCc1cccs1[>][]}
PBQ-0F,CCCCCCCCOc1cccc(-c2nc3c(-c4ccc(C)s4)ccc(-c4ccc(-c5cc6c(-c7ccc(CC(CC)CCCC)s7)c7sc(C)cc7c(-c7ccc(CC(CC)CCCC)s7)c6s5)s4)c3nc2-c2cccc(OCCCCCCCC)c2)c1,"['CCCCC(CC)Cc1ccc(-c2c3cc(C)sc3c(-c3ccc(CC(CC)CCCC)s3)c3ccsc23)s1', 'c1ccsc1', 'CCCCCCCCOc1cccc(-c2nc3ccccc3nc2-c2cccc(OCCCCCCCC)c2)c1', 'Cc1cccs1']",{[][<]CCCCC(CC)Cc1ccc(-c2c3cc(C)sc3c(-c3ccc(CC(CC)CCCC)s3)c3ccsc23)s1[>][<]}{[>][<]c1ccsc1[>][<]}{[>][<]CCCCCCCCOc1cccc(-c2nc3ccccc3nc2-c2cccc(OCCCCCCCC)c2)c1Cc1cccs1[>][]}
PBQ-QF,CCCCCCCCOc1cccc(-c2nc3c(-c4ccc(C)s4)c(F)c(F)c(-c4ccc(-c5cc6c(-c7ccc(CC(CC)CCCC)s7)c7sc(C)cc7c(-c7ccc(CC(CC)CCCC)s7)c6s5)s4)c3nc2-c2cccc(OCCCCCCCC)c2)c1,"['CCCCC(CC)Cc1ccc(-c2c3cc(C)sc3c(-c3ccc(CC(CC)CCCC)s3)c3ccsc23)s1', 'c1ccsc1', 'CCCCCCCCOc1cccc(-c2nc3cc(F)c(F)cc3nc2-c2cccc(OCCCCCCCC)c2)c1', 'Cc1cccs1']",{[][<]CCCCC(CC)Cc1ccc(-c2c3cc(C)sc3c(-c3ccc(CC(CC)CCCC)s3)c3ccsc23)s1[>][<]}{[>][<]c1ccsc1[>][<]}{[>][<]CCCCCCCCOc1cccc(-c2nc3cc(F)c(F)cc3nc2-c2cccc(OCCCCCCCC)c2)c1Cc1cccs1[>][]}
PBQ-4F,CCCCCCCCOc1cccc(-c2nc3c(-c4ccc(C)s4)c(F)c(F)c(-c4ccc(-c5cc6c(-c7cc(F)c(CC(CC)CCCC)s7)c7sc(C)cc7c(-c7cc(F)c(CC(CC)CCCC)s7)c6s5)s4)c3nc2-c2cccc(OCCCCCCCC)c2)c1,"['CCCCC(CC)Cc1sc(-c2c3cc(C)sc3c(-c3cc(F)c(CC(CC)CCCC)s3)c3ccsc23)cc1F', 'c1ccsc1', 'CCCCCCCCOc1cccc(-c2nc3cc(F)c(F)cc3nc2-c2cccc(OCCCCCCCC)c2)c1', 'Cc1cccs1']",{[][<]CCCCC(CC)Cc1sc(-c2c3cc(C)sc3c(-c3cc(F)c(CC(CC)CCCC)s3)c3ccsc23)cc1F[>][<]}{[>][<]c1ccsc1[>][<]}{[>][<]CCCCCCCCOc1cccc(-c2nc3cc(F)c(F)cc3nc2-c2cccc(OCCCCCCCC)c2)c1Cc1cccs1[>][]}
PBDB-T,CCCCC(CC)Cc1ccc(-c2c3cc(-c4ccc(-c5sc(-c6ccc(C)s6)c6c5C(=O)c5c(CC(CC)CCCC)sc(CC(CC)CCCC)c5C6=O)s4)sc3c(-c3ccc(CC(CC)CCCC)s3)c3cc(C)sc23)s1,"['CCCCC(CC)Cc1ccc(-c2c3cc(C)sc3c(-c3ccc(CC(CC)CCCC)s3)c3ccsc23)s1', 'c1ccsc1', 'CCCCC(CC)Cc1sc(CC(CC)CCCC)c2c1C(=O)c1cscc1C2=O', 'Cc1cccs1']",{[][<]CCCCC(CC)Cc1ccc(-c2c3cc(C)sc3c(-c3ccc(CC(CC)CCCC)s3)c3ccsc23)s1[>][<]}{[>][<]c1ccsc1[>][<]}{[>][<]CCCCC(CC)Cc1sc(CC(CC)CCCC)c2c1C(=O)c1cscc1C2=OCc1cccs1[>][]}
PBDB-T-SF,CCCCC(CC)Cc1sc(-c2c3cc(-c4ccc(-c5sc(-c6cccs6)c6c5C(=O)c5c(CC(CC)CCCC)sc(CC(CC)CCCC)c5C6=O)s4)sc3c(-c3cc(F)c(CC(CC)CCCC)s3)c3cc(C)sc23)cc1F,"['CCCCC(CC)Cc1sc(-c2c3cc(C)sc3c(-c3cc(F)c(CC(CC)CCCC)s3)c3ccsc23)cc1F', 'c1ccsc1', 'CCCCC(CC)Cc1sc(CC(CC)CCCC)c2c1C(=O)c1cscc1C2=O', 'c1ccsc1']",{[][<]CCCCC(CC)Cc1sc(-c2c3cc(C)sc3c(-c3cc(F)c(CC(CC)CCCC)s3)c3ccsc23)cc1F[>][<]}{[>][<]c1ccsc1[>][<]}{[>][<]CCCCC(CC)Cc1sc(CC(CC)CCCC)c2c1C(=O)c1cscc1C2=Oc1ccsc1[>][]}
PCDTBT-C12,CCCCCCCCCCCCSOc1c(OSCCCCCCCCCCCC)c(-c2ccc(-c3ccc4c5ccc(C)cc5n(CCCCCCCC)c4c3)s2)c2nsnc2c1-c1ccc(C)s1,"['CCCCCCCCn1c2ccccc2c2ccc(C)cc21', 'c1ccsc1', 'CCCCCCCCCCCCSOc1cc2nsnc2cc1OSCCCCCCCCCCCC', 'Cc1cccs1']",{[][<]CCCCCCCCn1c2ccccc2c2ccc(C)cc21[>][<]}{[>][<]c1ccsc1[>][<]}{[>][<]CCCCCCCCCCCCSOc1cc2nsnc2cc1OSCCCCCCCCCCCCCc1cccs1[>][]}
PTB7,CCCCC(CC)COC(=O)c1sc2c(-c3cc4c(OCC(CC)CCCC)c5sc(C)cc5c(OCC(CC)CCCC)c4s3)sc(C)c2c1F,"['CCCCC(CC)COc1c2cc(C)sc2c(OCC(CC)CCCC)c2ccsc12', 'CCCCC(CC)COC(=O)c1sc2csc(C)c2c1F']",{[][<]CCCCC(CC)COc1c2cc(C)sc2c(OCC(CC)CCCC)c2ccsc12CCCCC(CC)COC(=O)c1sc2csc(C)c2c1F[>][]}
PTB7-Th,CCCCC(CC)COC(=O)c1sc2c(-c3cc4c(-c5ccc(CC(CC)CCCC)s5)c5sc(C)cc5c(-c5ccc(CC(CC)CCCC)s5)c4s3)sc(C)c2c1F,"['CCCCC(CC)Cc1ccc(-c2c3cc(C)sc3c(-c3ccc(CC(CC)CCCC)s3)c3ccsc23)s1', 'CCCCC(CC)COC(=O)c1sc2csc(C)c2c1F']",{[][<]CCCCC(CC)Cc1ccc(-c2c3cc(C)sc3c(-c3ccc(CC(CC)CCCC)s3)c3ccsc23)s1CCCCC(CC)COC(=O)c1sc2csc(C)c2c1F[>][]}
PBDTTT-E-T,CCCCC(CC)COC(=O)c1cc2c(C)sc(-c3cc4c(-c5ccc(CC(CC)CCCC)s5)c5sc(C)cc5c(-c5ccc(CC(CC)CCCC)s5)c4s3)c2s1,"['CCCCC(CC)Cc1ccc(-c2c3cc(C)sc3c(-c3ccc(CC(CC)CCCC)s3)c3ccsc23)s1', 'CCCCC(CC)COC(=O)c1cc2c(C)scc2s1']",{[][<]CCCCC(CC)Cc1ccc(-c2c3cc(C)sc3c(-c3ccc(CC(CC)CCCC)s3)c3ccsc23)s1CCCCC(CC)COC(=O)c1cc2c(C)scc2s1[>][]}
P,CCCCCCCC[Si]1(CCCCCCCC)c2cc(-c3cc(F)c(C)c4nn(CCCCCC)nc34)sc2-c2sc(-c3cc(F)c(-c4cc5c(s4)-c4sc(C)cc4[Si]5(CCCCCCCC)CCCCCCCC)c4nn(CCCCCC)nc34)cc21,"['CCCCCCCC[Si]1(CCCCCCCC)c2ccsc2-c2sc(C)cc21', 'CCCCCCn1nc2ccc(F)cc2n1', 'CCCCCCCC[Si]1(CCCCCCCC)c2ccsc2-c2sccc21', 'CCCCCCn1nc2ccc(F)c(C)c2n1']",{[][<]CCCCCCCC[Si]1(CCCCCCCC)c2ccsc2-c2sc(C)cc21[>][<]}{[>][<]CCCCCCn1nc2ccc(F)cc2n1[>][<]}{[>][<]CCCCCCCC[Si]1(CCCCCCCC)c2ccsc2-c2sccc21CCCCCCn1nc2ccc(F)c(C)c2n1[>][]}
PDCBT,CCCCCCC(CCCC)CSOC(=O)c1cc(-c2cc(C(=O)OSCC(CCCC)CCCCCC)c(-c3ccc(C)s3)s2)sc1-c1ccc(C)s1,"['Cc1cccs1', 'CCCCCCC(CCCC)CSOC(=O)c1ccsc1', 'CCCCCCC(CCCC)CSOC(=O)c1ccsc1', 'Cc1cccs1']",{[][<]Cc1cccs1[>][<]}{[>][<]CCCCCCC(CCCC)CSOC(=O)c1ccsc1[>][<]}{[>][<]CCCCCCC(CCCC)CSOC(=O)c1ccsc1Cc1cccs1[>][]}
PBDT(T)[2H]T,CCCCC(CC)Cc1ccc(-c2c3cc(-c4sc(C)c(F)c4F)sc3c(-c3ccc(CC(CC)CCCC)s3)c3cc(C)sc23)s1,"['CCCCC(CC)Cc1ccc(-c2c3cc(C)sc3c(-c3ccc(CC(CC)CCCC)s3)c3ccsc23)s1', 'Cc1scc(F)c1F']",{[][<]CCCCC(CC)Cc1ccc(-c2c3cc(C)sc3c(-c3ccc(CC(CC)CCCC)s3)c3ccsc23)s1Cc1scc(F)c1F[>][]}
PBDT-DTN,CCCCC(CC)Cc1ccc(-c2c3cc(-c4sc(-c5sc(-c6cc(CC(CC)CCCC)c(C)s6)c6c5C(=O)c5ccccc5C6=O)cc4CC(CC)CCCC)sc3c(-c3ccc(CC(CC)CCCC)s3)c3cc(C)sc23)s1,"['CCCCC(CC)Cc1ccc(-c2c3cc(C)sc3c(-c3ccc(CC(CC)CCCC)s3)c3ccsc23)s1', 'CCCCC(CC)Cc1ccsc1', 'O=C1c2ccccc2C(=O)c2cscc21', 'CCCCC(CC)Cc1ccsc1C']",{[][<]CCCCC(CC)Cc1ccc(-c2c3cc(C)sc3c(-c3ccc(CC(CC)CCCC)s3)c3ccsc23)s1[>][<]}{[>][<]CCCCC(CC)Cc1ccsc1[>][<]}{[>][<]O=C1c2ccccc2C(=O)c2cscc21CCCCC(CC)Cc1ccsc1C[>][]}
PBDT-NQx,CCCCCCCCc1ccc(-c2nc3c(-c4ccc(C)s4)cc4c(cc(-c5ccc(-c6cc7c(-c8ccc(SCC(CCCC)CCCCCC)s8)c8sc(C)cc8c(-c8ccc(SCC(CCCC)CCCCCC)s8)c7s6)s5)c5nc(-c6ccc(CCCCCCCC)s6)c(-c6ccc(CCCCCCCC)s6)nc54)c3nc2-c2ccc(CCCCCCCC)s2)s1,"['CCCCCCC(CCCC)CSc1ccc(-c2c3cc(C)sc3c(-c3ccc(SCC(CCCC)CCCCCC)s3)c3ccsc23)s1', 'c1ccsc1', 'CCCCCCCCc1ccc(-c2nc3ccc4c(ccc5nc(-c6ccc(CCCCCCCC)s6)c(-c6ccc(CCCCCCCC)s6)nc54)c3nc2-c2ccc(CCCCCCCC)s2)s1', 'Cc1cccs1']",{[][<]CCCCCCC(CCCC)CSc1ccc(-c2c3cc(C)sc3c(-c3ccc(SCC(CCCC)CCCCCC)s3)c3ccsc23)s1[>][<]}{[>][<]c1ccsc1[>][<]}{[>][<]CCCCCCCCc1ccc(-c2nc3ccc4c(ccc5nc(-c6ccc(CCCCCCCC)s6)c(-c6ccc(CCCCCCCC)s6)nc54)c3nc2-c2ccc(CCCCCCCC)s2)s1Cc1cccs1[>][]}
PBDTS-NQx,CCCCCCCCc1ccc(-c2nc3c(-c4ccc(C)s4)cc4c(cc(-c5ccc(-c6cc7c(-c8ccc(SSCC(CCCC)CCCCCC)s8)c8sc(C)cc8c(-c8ccc(SSCC(CCCC)CCCCCC)s8)c7s6)s5)c5nc(-c6ccc(CCCCCCCC)s6)c(-c6ccc(CCCCCCCC)s6)nc54)c3nc2-c2ccc(CCCCCCCC)s2)s1,"['CCCCCCC(CCCC)CSSc1ccc(-c2c3cc(C)sc3c(-c3ccc(SSCC(CCCC)CCCCCC)s3)c3ccsc23)s1', 'c1ccsc1', 'CCCCCCCCc1ccc(-c2nc3ccc4c(ccc5nc(-c6ccc(CCCCCCCC)s6)c(-c6ccc(CCCCCCCC)s6)nc54)c3nc2-c2ccc(CCCCCCCC)s2)s1', 'Cc1cccs1']",{[][<]CCCCCCC(CCCC)CSSc1ccc(-c2c3cc(C)sc3c(-c3ccc(SSCC(CCCC)CCCCCC)s3)c3ccsc23)s1[>][<]}{[>][<]c1ccsc1[>][<]}{[>][<]CCCCCCCCc1ccc(-c2nc3ccc4c(ccc5nc(-c6ccc(CCCCCCCC)s6)c(-c6ccc(CCCCCCCC)s6)nc54)c3nc2-c2ccc(CCCCCCCC)s2)s1Cc1cccs1[>][]}
PTPDBDT,CCCCCCCCN1C(=O)c2c(C)sc(-c3cc4c(-c5ccc(CC(CC)CCCC)s5)c5sc(C)cc5c(-c5ccc(CC(CC)CCCC)s5)c4s3)c2C1=O,"['CCCCC(CC)Cc1ccc(-c2c3cc(C)sc3c(-c3ccc(CC(CC)CCCC)s3)c3ccsc23)s1', 'CCCCCCCCN1C(=O)c2csc(C)c2C1=O']",{[][<]CCCCC(CC)Cc1ccc(-c2c3cc(C)sc3c(-c3ccc(CC(CC)CCCC)s3)c3ccsc23)s1CCCCCCCCN1C(=O)c2csc(C)c2C1=O[>][]}
PTzBI,CCCCCCCCN1C(=O)c2c(c(-c3ccc(-c4cc5c(-c6ccc(CC(CC)CCCC)s6)c6sc(C)cc6c(-c6ccc(CC(CC)CCCC)s6)c5s4)s3)c3nn(CCCCCCCC)nc3c2-c2ccc(C)s2)C1=O,"['CCCCC(CC)Cc1ccc(-c2c3cc(C)sc3c(-c3ccc(CC(CC)CCCC)s3)c3ccsc23)s1', 'c1ccsc1', 'CCCCCCCCN1C(=O)c2cc3nn(CCCCCCCC)nc3cc2C1=O', 'Cc1cccs1']",{[][<]CCCCC(CC)Cc1ccc(-c2c3cc(C)sc3c(-c3ccc(CC(CC)CCCC)s3)c3ccsc23)s1[>][<]}{[>][<]c1ccsc1[>][<]}{[>][<]CCCCCCCCN1C(=O)c2cc3nn(CCCCCCCC)nc3cc2C1=OCc1cccs1[>][]}
PBDTTT-C-T,CCCCC(CC)CC(=O)c1cc2c(C)sc(-c3cc4c(-c5ccc(CC(CC)CCCC)s5)c5sc(C)cc5c(-c5ccc(CC(CC)CCCC)s5)c4s3)c2s1,"['CCCCC(CC)Cc1ccc(-c2c3cc(C)sc3c(-c3ccc(CC(CC)CCCC)s3)c3ccsc23)s1', 'CCCCC(CC)CC(=O)c1cc2c(C)scc2s1']",{[][<]CCCCC(CC)Cc1ccc(-c2c3cc(C)sc3c(-c3ccc(CC(CC)CCCC)s3)c3ccsc23)s1CCCCC(CC)CC(=O)c1cc2c(C)scc2s1[>][]}
Pff4TBT-2DT,CCCCCCCCCCCCC(C)CCCCCCCCCCc1cc(-c2c(F)c(F)c(-c3cc(CC(CCCCCCCCCC)CCCCCCCCCCCC)c(C)s3)c3nsnc23)sc1-c1ccc(-c2ccc(C)s2)s1,"['CCCCCCCCCCCCC(CCCCCCCCCC)Cc1ccsc1C', 'Fc1cc2nsnc2cc1F', 'CCCCCCCCCCCCC(C)CCCCCCCCCCc1ccsc1', 'c1ccsc1', 'Cc1cccs1']",{[][<]CCCCCCCCCCCCC(CCCCCCCCCC)Cc1ccsc1C[>][<]}{[>][<]Fc1cc2nsnc2cc1F[>][<]}{[>][<]CCCCCCCCCCCCC(C)CCCCCCCCCCc1ccsc1[>][<]}{[>][<]c1ccsc1Cc1cccs1[>][]}
HFQx-T,CCCCC(CC)COc1c(F)cc(-c2nc3c(-c4ccc(C)s4)c(F)c(F)c(-c4ccc(-c5cc6c(-c7ccc(CC(CC)CCCC)s7)c7sc(C)cc7c(-c7ccc(CC(CC)CCCC)s7)c6s5)s4)c3nc2-c2cc(F)c(OCC(CC)CCCC)c(F)c2)cc1F,"['CCCCC(CC)Cc1ccc(-c2c3cc(C)sc3c(-c3ccc(CC(CC)CCCC)s3)c3ccsc23)s1', 'c1ccsc1', 'CCCCC(CC)COc1c(F)cc(-c2nc3cc(F)c(F)cc3nc2-c2cc(F)c(OCC(CC)CCCC)c(F)c2)cc1F', 'Cc1cccs1']",{[][<]CCCCC(CC)Cc1ccc(-c2c3cc(C)sc3c(-c3ccc(CC(CC)CCCC)s3)c3ccsc23)s1[>][<]}{[>][<]c1ccsc1[>][<]}{[>][<]CCCCC(CC)COc1c(F)cc(-c2nc3cc(F)c(F)cc3nc2-c2cc(F)c(OCC(CC)CCCC)c(F)c2)cc1FCc1cccs1[>][]}
PBDB-TF,CCCCC(CC)Cc1sc(-c2c3cc(-c4ccc(-c5sc(-c6ccc(C)s6)c6c5C(=O)c5c(CC(CC)CCCC)sc(CC(CC)CCCC)c5C6=O)s4)sc3c(-c3cc(F)c(CC(CC)CCCC)s3)c3cc(C)sc23)cc1F,"['CCCCC(CC)Cc1sc(-c2c3cc(C)sc3c(-c3cc(F)c(CC(CC)CCCC)s3)c3ccsc23)cc1F', 'c1ccsc1', 'CCCCC(CC)Cc1sc(CC(CC)CCCC)c2c1C(=O)c1cscc1C2=O', 'Cc1cccs1']",{[][<]CCCCC(CC)Cc1sc(-c2c3cc(C)sc3c(-c3cc(F)c(CC(CC)CCCC)s3)c3ccsc23)cc1F[>][<]}{[>][<]c1ccsc1[>][<]}{[>][<]CCCCC(CC)Cc1sc(CC(CC)CCCC)c2c1C(=O)c1cscc1C2=OCc1cccs1[>][]}
P1,CCCCCCCCCCCCSOc1c2cc(-c3ccc(-c4ccc(-c5ccc(C)s5)c5nsnc45)s3)sc2c(OSCCCCCCCCCCCC)c2cc(C)sc12,"['CCCCCCCCCCCCSOc1c2cc(C)sc2c(OSCCCCCCCCCCCC)c2ccsc12', 'c1ccsc1', 'c1ccc2nsnc2c1', 'Cc1cccs1']",{[][<]CCCCCCCCCCCCSOc1c2cc(C)sc2c(OSCCCCCCCCCCCC)c2ccsc12[>][<]}{[>][<]c1ccsc1[>][<]}{[>][<]c1ccc2nsnc2c1Cc1cccs1[>][]}
PMOT16,CCCCCCCCC(CCCCCC)CN1C(=O)c2c(-c3cc4sc(C)c(CCCCCC)c4s3)sc(-c3cc4sc(-c5cc6c(-c7cc(OC)c(CC(CC)CCCC)s7)c7sc(C)cc7c(-c7cc(OC)c(CC(CC)CCCC)s7)c6s5)c(CCCCCC)c4s3)c2C1=O,"['CCCCC(CC)Cc1sc(-c2c3cc(C)sc3c(-c3cc(OC)c(CC(CC)CCCC)s3)c3ccsc23)cc1OC', 'CCCCCCc1csc2ccsc12', 'CCCCCCCCC(CCCCCC)CN1C(=O)c2cscc2C1=O', 'CCCCCCc1c(C)sc2ccsc12']",{[][<]CCCCC(CC)Cc1sc(-c2c3cc(C)sc3c(-c3cc(OC)c(CC(CC)CCCC)s3)c3ccsc23)cc1OC[>][<]}{[>][<]CCCCCCc1csc2ccsc12[>][<]}{[>][<]CCCCCCCCC(CCCCCC)CN1C(=O)c2cscc2C1=OCCCCCCc1c(C)sc2ccsc12[>][]}
PTZP,CCCCCCC(CCCC)CSc1ccc(-c2c3cc(-c4sc(-c5nc6sc(-c7cc(CC(CC)CCCC)c(C)s7)nc6s5)cc4CC(CC)CCCC)sc3c(-c3ccc(SCC(CCCC)CCCCCC)s3)c3cc(C)sc23)s1,"['CCCCCCC(CCCC)CSc1ccc(-c2c3cc(C)sc3c(-c3ccc(SCC(CCCC)CCCCCC)s3)c3ccsc23)s1', 'CCCCC(CC)Cc1ccsc1', 'c1nc2scnc2s1', 'CCCCC(CC)Cc1ccsc1C']",{[][<]CCCCCCC(CCCC)CSc1ccc(-c2c3cc(C)sc3c(-c3ccc(SCC(CCCC)CCCCCC)s3)c3ccsc23)s1[>][<]}{[>][<]CCCCC(CC)Cc1ccsc1[>][<]}{[>][<]c1nc2scnc2s1CCCCC(CC)Cc1ccsc1C[>][]}
PffBT2T-TT,CCCCCCCCCCCC(CCCCCCCCC)Cc1cc(-c2c(F)c(F)c(-c3cc(CC(CCCCCCCCC)CCCCCCCCCCC)c(-c4cc5sc(C)cc5s4)s3)c3nsnc23)sc1C,"['Cc1cc2sccc2s1', 'CCCCCCCCCCCC(CCCCCCCCC)Cc1ccsc1', 'Fc1cc2nsnc2cc1F', 'CCCCCCCCCCCC(CCCCCCCCC)Cc1ccsc1C']",{[][<]Cc1cc2sccc2s1[>][<]}{[>][<]CCCCCCCCCCCC(CCCCCCCCC)Cc1ccsc1[>][<]}{[>][<]Fc1cc2nsnc2cc1FCCCCCCCCCCCC(CCCCCCCCC)Cc1ccsc1C[>][]}
PffBT4T-2OD,CCCCCCCCCCC(CCCCCCCC)Cc1cc(-c2c(F)c(F)c(-c3cc(CC(CCCCCCCC)CCCCCCCCCC)c(-c4ccc(-c5ccc(C)s5)s4)s3)c3nsnc23)sc1C,"['CCCCCCCCCCC(CCCCCCCC)Cc1ccsc1C', 'Fc1cc2nsnc2cc1F', 'CCCCCCCCCCC(CCCCCCCC)Cc1ccsc1', 'c1ccsc1', 'Cc1cccs1']",{[][<]CCCCCCCCCCC(CCCCCCCC)Cc1ccsc1C[>][<]}{[>][<]Fc1cc2nsnc2cc1F[>][<]}{[>][<]CCCCCCCCCCC(CCCCCCCC)Cc1ccsc1[>][<]}{[>][<]c1ccsc1Cc1cccs1[>][]}
PBDTTT-EFT,CCCCC(CC)COC(=O)c1sc2c(-c3cc4c(-c5ccc(CC(CC)CCCC)s5)c5sc(C)cc5c(-c5ccc(CC(CC)CCCC)s5)c4s3)sc(C)c2c1F,"['CCCCC(CC)Cc1ccc(-c2c3cc(C)sc3c(-c3ccc(CC(CC)CCCC)s3)c3ccsc23)s1', 'CCCCC(CC)COC(=O)c1sc2csc(C)c2c1F']",{[][<]CCCCC(CC)Cc1ccc(-c2c3cc(C)sc3c(-c3ccc(CC(CC)CCCC)s3)c3ccsc23)s1CCCCC(CC)COC(=O)c1sc2csc(C)c2c1F[>][]}
PffT2-FTAZ-2DT,CCCCCCCCCCCCC(CCCCCCCCCC)Cc1cc(-c2c(F)c(F)c(-c3cc(CC(CCCCCCCCCC)CCCCCCCCCCCC)c(-c4cc(F)c(-c5sc(C)cc5F)s4)s3)c3nn(CCC)nc23)sc1C,"['CCCCCCCCCCCCC(CCCCCCCCCC)Cc1ccsc1C', 'CCCn1nc2cc(F)c(F)cc2n1', 'CCCCCCCCCCCCC(CCCCCCCCCC)Cc1ccsc1', 'Fc1ccsc1', 'Cc1cc(F)cs1']",{[][<]CCCCCCCCCCCCC(CCCCCCCCCC)Cc1ccsc1C[>][<]}{[>][<]CCCn1nc2cc(F)c(F)cc2n1[>][<]}{[>][<]CCCCCCCCCCCCC(CCCCCCCCCC)Cc1ccsc1[>][<]}{[>][<]Fc1ccsc1Cc1cc(F)cs1[>][]}
PBDT-ST,CCCCC(CC)CSc1ccc(-c2c3cc(-c4ccc(-c5sc(-c6ccc(C)s6)c6c5C(=O)c5c(CC(CC)CCCC)sc(CC(CC)CCCC)c5C6=O)s4)sc3c(-c3ccc(SCC(CC)CCCC)s3)c3cc(C)sc23)s1,"['CCCCC(CC)CSc1ccc(-c2c3cc(C)sc3c(-c3ccc(SCC(CC)CCCC)s3)c3ccsc23)s1', 'c1ccsc1', 'CCCCC(CC)Cc1sc(CC(CC)CCCC)c2c1C(=O)c1cscc1C2=O', 'Cc1cccs1']",{[][<]CCCCC(CC)CSc1ccc(-c2c3cc(C)sc3c(-c3ccc(SCC(CC)CCCC)s3)c3ccsc23)s1[>][<]}{[>][<]c1ccsc1[>][<]}{[>][<]CCCCC(CC)Cc1sc(CC(CC)CCCC)c2c1C(=O)c1cscc1C2=OCc1cccs1[>][]}
P2F-EH,CCCCCCCCN1C(=O)c2c(c(-c3ccc(-c4cc5c(-c6cc(F)c(CC(CC)CCCC)c(F)c6)c6sc(C)cc6c(-c6cc(F)c(CC(CC)CCCC)c(F)c6)c5s4)s3)c3nn(CC(CC)CCCC)nc3c2-c2ccc(C)s2)C1=O,"['CCCCC(CC)Cc1c(F)cc(-c2c3cc(C)sc3c(-c3cc(F)c(CC(CC)CCCC)c(F)c3)c3ccsc23)cc1F', 'c1ccsc1', 'CCCCCCCCN1C(=O)c2cc3nn(CC(CC)CCCC)nc3cc2C1=O', 'Cc1cccs1']",{[][<]CCCCC(CC)Cc1c(F)cc(-c2c3cc(C)sc3c(-c3cc(F)c(CC(CC)CCCC)c(F)c3)c3ccsc23)cc1F[>][<]}{[>][<]c1ccsc1[>][<]}{[>][<]CCCCCCCCN1C(=O)c2cc3nn(CC(CC)CCCC)nc3cc2C1=OCc1cccs1[>][]}
P2F-EHp,CCCCCCCCN1C(=O)c2c(c(-c3ccc(-c4cc5c(-c6cc(F)c(CC(CC)CCCC)c(F)c6)c6sc(C)cc6c(-c6cc(F)c(CC(CC)CCCC)c(F)c6)c5s4)s3)c3nn(CCC(CC)CCCC)nc3c2-c2ccc(C)s2)C1=O,"['CCCCC(CC)Cc1c(F)cc(-c2c3cc(C)sc3c(-c3cc(F)c(CC(CC)CCCC)c(F)c3)c3ccsc23)cc1F', 'c1ccsc1', 'CCCCCCCCN1C(=O)c2cc3nn(CCC(CC)CCCC)nc3cc2C1=O', 'Cc1cccs1']",{[][<]CCCCC(CC)Cc1c(F)cc(-c2c3cc(C)sc3c(-c3cc(F)c(CC(CC)CCCC)c(F)c3)c3ccsc23)cc1F[>][<]}{[>][<]c1ccsc1[>][<]}{[>][<]CCCCCCCCN1C(=O)c2cc3nn(CCC(CC)CCCC)nc3cc2C1=OCc1cccs1[>][]}
P2F-EO,CCCCCCCCN1C(=O)c2c(c(-c3ccc(-c4cc5c(-c6cc(F)c(CC(CC)CCCC)c(F)c6)c6sc(C)cc6c(-c6cc(F)c(CC(CC)CCCC)c(F)c6)c5s4)s3)c3nn(CCCC(CC)CCCC)nc3c2-c2ccc(C)s2)C1=O,"['CCCCC(CC)Cc1c(F)cc(-c2c3cc(C)sc3c(-c3cc(F)c(CC(CC)CCCC)c(F)c3)c3ccsc23)cc1F', 'c1ccsc1', 'CCCCCCCCN1C(=O)c2cc3nn(CCCC(CC)CCCC)nc3cc2C1=O', 'Cc1cccs1']",{[][<]CCCCC(CC)Cc1c(F)cc(-c2c3cc(C)sc3c(-c3cc(F)c(CC(CC)CCCC)c(F)c3)c3ccsc23)cc1F[>][<]}{[>][<]c1ccsc1[>][<]}{[>][<]CCCCCCCCN1C(=O)c2cc3nn(CCCC(CC)CCCC)nc3cc2C1=OCc1cccs1[>][]}
PB3T,CCCCCCCCSc1ccc(-c2c3cc(-c4cc(C(=O)OCC(CC)CCCC)c(-c5ccc(-c6sc(C)cc6C(=O)OCC(CC)CCCC)s5)s4)sc3c(-c3ccc(SCCCCCCCC)s3)c3cc(C)sc23)s1,"['CCCCCCCCSc1ccc(-c2c3cc(C)sc3c(-c3ccc(SCCCCCCCC)s3)c3ccsc23)s1', 'CCCCC(CC)COC(=O)c1ccsc1', 'c1ccsc1', 'CCCCC(CC)COC(=O)c1csc(C)c1']",{[][<]CCCCCCCCSc1ccc(-c2c3cc(C)sc3c(-c3ccc(SCCCCCCCC)s3)c3ccsc23)s1[>][<]}{[>][<]CCCCC(CC)COC(=O)c1ccsc1[>][<]}{[>][<]c1ccsc1CCCCC(CC)COC(=O)c1csc(C)c1[>][]}
PBDBT-2F,CCCCC(CC)Cc1sc(-c2c3cc(-c4ccc(-c5sc(-c6ccc(C)s6)c6c5C(=O)c5c(CC(CC)CCCC)sc(CC(CC)CCCC)c5C6=O)s4)sc3c(-c3cc(F)c(CC(CC)CCCC)s3)c3cc(C)sc23)cc1F,"['CCCCC(CC)Cc1sc(-c2c3cc(C)sc3c(-c3cc(F)c(CC(CC)CCCC)s3)c3ccsc23)cc1F', 'c1ccsc1', 'CCCCC(CC)Cc1sc(CC(CC)CCCC)c2c1C(=O)c1cscc1C2=O', 'Cc1cccs1']",{[][<]CCCCC(CC)Cc1sc(-c2c3cc(C)sc3c(-c3cc(F)c(CC(CC)CCCC)s3)c3ccsc23)cc1F[>][<]}{[>][<]c1ccsc1[>][<]}{[>][<]CCCCC(CC)Cc1sc(CC(CC)CCCC)c2c1C(=O)c1cscc1C2=OCc1cccs1[>][]}
PBDBT-2F,CCCCC(CC)Cc1sc(-c2c3cc(-c4ccc(-c5sc(-c6ccc(C)s6)c6c5C(=O)c5c(CC(CC)CCCC)sc(CC(CC)CCCC)c5C6=O)s4)sc3c(-c3cc(F)c(CC(CC)CCCC)s3)c3cc(C)sc23)cc1F,"['CCCCC(CC)Cc1sc(-c2c3cc(C)sc3c(-c3cc(F)c(CC(CC)CCCC)s3)c3ccsc23)cc1F', 'c1ccsc1', 'CCCCC(CC)Cc1sc(CC(CC)CCCC)c2c1C(=O)c1cscc1C2=O', 'Cc1cccs1']",{[][<]CCCCC(CC)Cc1sc(-c2c3cc(C)sc3c(-c3cc(F)c(CC(CC)CCCC)s3)c3ccsc23)cc1F[>][<]}{[>][<]c1ccsc1[>][<]}{[>][<]CCCCC(CC)Cc1sc(CC(CC)CCCC)c2c1C(=O)c1cscc1C2=OCc1cccs1[>][]}
PTBB-o,CCCCC(CC)CSc1ccccc1-c1c2cc(-c3ccc(-c4sc(-c5ccc(C)s5)c5c4C(=O)c4c(CC(CC)CCCC)sc(CC(CC)CCCC)c4C5=O)s3)sc2c(-c2ccccc2SCC(CC)CCCC)c2cc(C)sc12,"['CCCCC(CC)CSc1ccccc1-c1c2cc(C)sc2c(-c2ccccc2SCC(CC)CCCC)c2ccsc12', 'c1ccsc1', 'CCCCC(CC)Cc1sc(CC(CC)CCCC)c2c1C(=O)c1cscc1C2=O', 'Cc1cccs1']",{[][<]CCCCC(CC)CSc1ccccc1-c1c2cc(C)sc2c(-c2ccccc2SCC(CC)CCCC)c2ccsc12[>][<]}{[>][<]c1ccsc1[>][<]}{[>][<]CCCCC(CC)Cc1sc(CC(CC)CCCC)c2c1C(=O)c1cscc1C2=OCc1cccs1[>][]}
PTBB-m,CCCCC(CC)CSc1cccc(-c2c3cc(-c4ccc(-c5sc(-c6ccc(C)s6)c6c5C(=O)c5c(CC(CC)CCCC)sc(CC(CC)CCCC)c5C6=O)s4)sc3c(-c3cccc(SCC(CC)CCCC)c3)c3cc(C)sc23)c1,"['CCCCC(CC)CSc1cccc(-c2c3cc(C)sc3c(-c3cccc(SCC(CC)CCCC)c3)c3ccsc23)c1', 'c1ccsc1', 'CCCCC(CC)Cc1sc(CC(CC)CCCC)c2c1C(=O)c1cscc1C2=O', 'Cc1cccs1']",{[][<]CCCCC(CC)CSc1cccc(-c2c3cc(C)sc3c(-c3cccc(SCC(CC)CCCC)c3)c3ccsc23)c1[>][<]}{[>][<]c1ccsc1[>][<]}{[>][<]CCCCC(CC)Cc1sc(CC(CC)CCCC)c2c1C(=O)c1cscc1C2=OCc1cccs1[>][]}
PTBB-p,CCCCC(CC)CSc1ccc(-c2c3cc(-c4ccc(-c5sc(-c6ccc(C)s6)c6c5C(=O)c5c(CC(CC)CCCC)sc(CC(CC)CCCC)c5C6=O)s4)sc3c(-c3ccc(SCC(CC)CCCC)cc3)c3cc(C)sc23)cc1,"['CCCCC(CC)CSc1ccc(-c2c3cc(C)sc3c(-c3ccc(SCC(CC)CCCC)cc3)c3ccsc23)cc1', 'c1ccsc1', 'CCCCC(CC)Cc1sc(CC(CC)CCCC)c2c1C(=O)c1cscc1C2=O', 'Cc1cccs1']",{[][<]CCCCC(CC)CSc1ccc(-c2c3cc(C)sc3c(-c3ccc(SCC(CC)CCCC)cc3)c3ccsc23)cc1[>][<]}{[>][<]c1ccsc1[>][<]}{[>][<]CCCCC(CC)Cc1sc(CC(CC)CCCC)c2c1C(=O)c1cscc1C2=OCc1cccs1[>][]}
PBDS-TZ,CCCCC(CC)Cc1cc(-c2nc3sc(-c4cc(CC(CC)CCCC)c(-c5cc6c(-c7ccc([Si](CCC)(CCC)CCC)s7)c7sc(C)cc7c(-c7ccc([Si](CCC)(CCC)CCC)s7)c6s5)s4)nc3s2)sc1C,"['CCC[Si](CCC)(CCC)c1ccc(-c2c3cc(C)sc3c(-c3ccc([Si](CCC)(CCC)CCC)s3)c3ccsc23)s1', 'CCCCC(CC)Cc1ccsc1', 'c1nc2scnc2s1', 'CCCCC(CC)Cc1ccsc1C']",{[][<]CCC[Si](CCC)(CCC)c1ccc(-c2c3cc(C)sc3c(-c3ccc([Si](CCC)(CCC)CCC)s3)c3ccsc23)s1[>][<]}{[>][<]CCCCC(CC)Cc1ccsc1[>][<]}{[>][<]c1nc2scnc2s1CCCCC(CC)Cc1ccsc1C[>][]}
PBB-T,CCCCCCC(CCCC)CSc1cc(-c2nc3cc4sc(-c5cc(SCC(CCCC)CCCCCC)c(-c6cc7c(-c8ccc(CC(CC)CCCC)s8)c8sc(C)cc8c(-c8ccc(CCCCC(C)CC)s8)c7s6)s5)nc4cc3s2)sc1C,"['CCCCC(CC)Cc1ccc(-c2c3ccsc3c(-c3ccc(CCCCC(C)CC)s3)c3cc(C)sc23)s1', 'CCCCCCC(CCCC)CSc1ccsc1', 'c1nc2cc3scnc3cc2s1', 'CCCCCCC(CCCC)CSc1ccsc1C']",{[][<]CCCCC(CC)Cc1ccc(-c2c3ccsc3c(-c3ccc(CCCCC(C)CC)s3)c3cc(C)sc23)s1[>][<]}{[>][<]CCCCCCC(CCCC)CSc1ccsc1[>][<]}{[>][<]c1nc2cc3scnc3cc2s1CCCCCCC(CCCC)CSc1ccsc1C[>][]}
PBZ,CCCCCCCCC(CCCCCC)Cn1nc2c(-c3ccc(C)s3)c(F)c(F)c(-c3ccc(-c4cc5c(-c6ccc(CC(CC)CCCC)s6)c6sc(C)cc6c(-c6ccc(CC(CC)CCCC)s6)c5s4)s3)c2n1,"['CCCCC(CC)Cc1ccc(-c2c3cc(C)sc3c(-c3ccc(CC(CC)CCCC)s3)c3ccsc23)s1', 'c1ccsc1', 'CCCCCCCCC(CCCCCC)Cn1nc2cc(F)c(F)cc2n1', 'Cc1cccs1']",{[][<]CCCCC(CC)Cc1ccc(-c2c3cc(C)sc3c(-c3ccc(CC(CC)CCCC)s3)c3ccsc23)s1[>][<]}{[>][<]c1ccsc1[>][<]}{[>][<]CCCCCCCCC(CCCCCC)Cn1nc2cc(F)c(F)cc2n1Cc1cccs1[>][]}
PBZ-Cl,CCCCCCCCC(CCCCCC)Cn1nc2c(-c3ccc(C)s3)c(F)c(F)c(-c3ccc(-c4cc5c(-c6cc(Cl)c(CC(CC)CCCC)s6)c6sc(C)cc6c(-c6cc(Cl)c(CC(CC)CCCC)s6)c5s4)s3)c2n1,"['CCCCC(CC)Cc1sc(-c2c3cc(C)sc3c(-c3cc(Cl)c(CC(CC)CCCC)s3)c3ccsc23)cc1Cl', 'c1ccsc1', 'CCCCCCCCC(CCCCCC)Cn1nc2cc(F)c(F)cc2n1', 'Cc1cccs1']",{[][<]CCCCC(CC)Cc1sc(-c2c3cc(C)sc3c(-c3cc(Cl)c(CC(CC)CCCC)s3)c3ccsc23)cc1Cl[>][<]}{[>][<]c1ccsc1[>][<]}{[>][<]CCCCCCCCC(CCCCCC)Cn1nc2cc(F)c(F)cc2n1Cc1cccs1[>][]}
PBZ-ClSi,CCCCCCCCC(CCCCCC)Cn1nc2c(-c3ccc(C)s3)c(F)c(F)c(-c3ccc(-c4cc5c(-c6cc(Cl)c([Si](CCC)(CCC)CCC)s6)c6sc(C)cc6c(-c6cc(Cl)c([Si](CCC)(CCC)CCC)s6)c5s4)s3)c2n1,"['CCC[Si](CCC)(CCC)c1sc(-c2c3cc(C)sc3c(-c3cc(Cl)c([Si](CCC)(CCC)CCC)s3)c3ccsc23)cc1Cl', 'c1ccsc1', 'CCCCCCCCC(CCCCCC)Cn1nc2cc(F)c(F)cc2n1', 'Cc1cccs1']",{[][<]CCC[Si](CCC)(CCC)c1sc(-c2c3cc(C)sc3c(-c3cc(Cl)c([Si](CCC)(CCC)CCC)s3)c3ccsc23)cc1Cl[>][<]}{[>][<]c1ccsc1[>][<]}{[>][<]CCCCCCCCC(CCCCCC)Cn1nc2cc(F)c(F)cc2n1Cc1cccs1[>][]}
PT1,CCCCCCCCc1sc(CCCCCCCC)c2c1C(=O)c1c(C)sc(-c3cc4c(-c5ccc(CC(CC)CCCC)s5)c5sc(C)cc5c(-c5ccc(CC(CC)CCCC)s5)c4s3)c1C2=O,"['CCCCC(CC)Cc1ccc(-c2c3cc(C)sc3c(-c3ccc(CC(CC)CCCC)s3)c3ccsc23)s1', 'CCCCCCCCc1sc(CCCCCCCC)c2c1C(=O)c1csc(C)c1C2=O']",{[][<]CCCCC(CC)Cc1ccc(-c2c3cc(C)sc3c(-c3ccc(CC(CC)CCCC)s3)c3ccsc23)s1CCCCCCCCc1sc(CCCCCCCC)c2c1C(=O)c1csc(C)c1C2=O[>][]}
PT2,CCCCCCCCc1sc(CCCCCCCC)c2c1C(=O)c1c(-c3ccc(C)s3)sc(-c3ccc(-c4cc5c(-c6ccc(CC(CC)CCCC)s6)c6sc(C)cc6c(-c6ccc(CC(CC)CCCC)s6)c5s4)s3)c1C2=O,"['CCCCC(CC)Cc1ccc(-c2c3cc(C)sc3c(-c3ccc(CC(CC)CCCC)s3)c3ccsc23)s1', 'c1ccsc1', 'CCCCCCCCc1sc(CCCCCCCC)c2c1C(=O)c1cscc1C2=O', 'Cc1cccs1']",{[][<]CCCCC(CC)Cc1ccc(-c2c3cc(C)sc3c(-c3ccc(CC(CC)CCCC)s3)c3ccsc23)s1[>][<]}{[>][<]c1ccsc1[>][<]}{[>][<]CCCCCCCCc1sc(CCCCCCCC)c2c1C(=O)c1cscc1C2=OCc1cccs1[>][]}
PT3,CCCCCCCCc1sc(CCCCCCCC)c2c1C(=O)c1c(-c3cc4sc(C)c(CCCCCC)c4s3)sc(-c3cc4sc(-c5cc6c(-c7ccc(CC(CC)CCCC)s7)c7sc(C)cc7c(-c7ccc(CC(CC)CCCC)s7)c6s5)c(CCCCCC)c4s3)c1C2=O,"['CCCCC(CC)Cc1ccc(-c2c3cc(C)sc3c(-c3ccc(CC(CC)CCCC)s3)c3ccsc23)s1', 'CCCCCCc1csc2ccsc12', 'CCCCCCCCc1sc(CCCCCCCC)c2c1C(=O)c1cscc1C2=O', 'CCCCCCc1c(C)sc2ccsc12']",{[][<]CCCCC(CC)Cc1ccc(-c2c3cc(C)sc3c(-c3ccc(CC(CC)CCCC)s3)c3ccsc23)s1[>][<]}{[>][<]CCCCCCc1csc2ccsc12[>][<]}{[>][<]CCCCCCCCc1sc(CCCCCCCC)c2c1C(=O)c1cscc1C2=OCCCCCCc1c(C)sc2ccsc12[>][]}
BO2FC8,CCCCCCCCOc1c(OCCCCCCCC)c(-c2ccc(-c3cc4c(-c5cc(F)c(CC(CC)CCCC)s5)c5sc(C)cc5c(-c5cc(F)c(CC(CC)CCCC)s5)c4s3)s2)c2nonc2c1-c1ccc(C)s1,"['CCCCC(CC)Cc1sc(-c2c3cc(C)sc3c(-c3cc(F)c(CC(CC)CCCC)s3)c3ccsc23)cc1F', 'c1ccsc1', 'CCCCCCCCOc1cc2nonc2cc1OCCCCCCCC', 'Cc1cccs1']",{[][<]CCCCC(CC)Cc1sc(-c2c3cc(C)sc3c(-c3cc(F)c(CC(CC)CCCC)s3)c3ccsc23)cc1F[>][<]}{[>][<]c1ccsc1[>][<]}{[>][<]CCCCCCCCOc1cc2nonc2cc1OCCCCCCCCCc1cccs1[>][]}
BO2FEH,CCCCC(CC)COc1c(OCC(CC)CCCC)c(-c2ccc(-c3cc4c(-c5cc(F)c(CC(CC)CCCC)s5)c5sc(C)cc5c(-c5cc(F)c(CC(CC)CCCC)s5)c4s3)s2)c2nonc2c1-c1ccc(C)s1,"['CCCCC(CC)Cc1sc(-c2c3cc(C)sc3c(-c3cc(F)c(CC(CC)CCCC)s3)c3ccsc23)cc1F', 'c1ccsc1', 'CCCCC(CC)COc1cc2nonc2cc1OCC(CC)CCCC', 'Cc1cccs1']",{[][<]CCCCC(CC)Cc1sc(-c2c3cc(C)sc3c(-c3cc(F)c(CC(CC)CCCC)s3)c3ccsc23)cc1F[>][<]}{[>][<]c1ccsc1[>][<]}{[>][<]CCCCC(CC)COc1cc2nonc2cc1OCC(CC)CCCCCc1cccs1[>][]}
PTB-EDOT,CCCCC(CC)COC(=O)c1sc2c(-c3cc4c(-c5sc(CC(CC)CCCC)c6c5OCCO6)c5sc(C)cc5c(-c5sc(CC(CC)CCCC)c6c5OCCO6)c4s3)sc(C)c2c1F,"['CCCCC(CC)Cc1sc(-c2c3cc(C)sc3c(-c3sc(CC(CC)CCCC)c4c3OCCO4)c3ccsc23)c2c1OCCO2', 'CCCCC(CC)COC(=O)c1sc2csc(C)c2c1F']",{[][<]CCCCC(CC)Cc1sc(-c2c3cc(C)sc3c(-c3sc(CC(CC)CCCC)c4c3OCCO4)c3ccsc23)c2c1OCCO2CCCCC(CC)COC(=O)c1sc2csc(C)c2c1F[>][]}
PTB-EDOTS,CCCCC(CC)COC(=O)c1sc2c(-c3cc4c(-c5sc(SCC(CC)CCCC)c6c5OCCO6)c5sc(C)cc5c(-c5sc(SCC(CC)CCCC)c6c5OCCO6)c4s3)sc(C)c2c1F,"['CCCCC(CC)CSc1sc(-c2c3cc(C)sc3c(-c3sc(SCC(CC)CCCC)c4c3OCCO4)c3ccsc23)c2c1OCCO2', 'CCCCC(CC)COC(=O)c1sc2csc(C)c2c1F']",{[][<]CCCCC(CC)CSc1sc(-c2c3cc(C)sc3c(-c3sc(SCC(CC)CCCC)c4c3OCCO4)c3ccsc23)c2c1OCCO2CCCCC(CC)COC(=O)c1sc2csc(C)c2c1F[>][]}
POPB,CCCCCCCCC(CCCCCC)COc1ccc(-c2c3cc(-c4ccc(-c5sc(-c6ccc(C)s6)c6c5C(=O)c5c(CC(CC)CCCC)sc(CC(CC)CCCC)c5C6=O)s4)sc3c(-c3ccc(OCC(CCCCCC)CCCCCCCC)cc3)c3cc(C)sc23)cc1,"['CCCCCCCCC(CCCCCC)COc1ccc(-c2c3cc(C)sc3c(-c3ccc(OCC(CCCCCC)CCCCCCCC)cc3)c3ccsc23)cc1', 'c1ccsc1', 'CCCCC(CC)Cc1sc(CC(CC)CCCC)c2c1C(=O)c1cscc1C2=O', 'Cc1cccs1']",{[][<]CCCCCCCCC(CCCCCC)COc1ccc(-c2c3cc(C)sc3c(-c3ccc(OCC(CCCCCC)CCCCCCCC)cc3)c3ccsc23)cc1[>][<]}{[>][<]c1ccsc1[>][<]}{[>][<]CCCCC(CC)Cc1sc(CC(CC)CCCC)c2c1C(=O)c1cscc1C2=OCc1cccs1[>][]}
PFOPB,CCCCCCCCC(CCCCCC)COc1c(F)cc(-c2c3cc(-c4ccc(-c5sc(-c6ccc(C)s6)c6c5C(=O)c5c(CC(CC)CCCC)sc(CC(CC)CCCC)c5C6=O)s4)sc3c(-c3cc(F)c(OCC(CCCCCC)CCCCCCCC)c(F)c3)c3cc(C)sc23)cc1F,"['CCCCCCCCC(CCCCCC)COc1c(F)cc(-c2c3cc(C)sc3c(-c3cc(F)c(OCC(CCCCCC)CCCCCCCC)c(F)c3)c3ccsc23)cc1F', 'c1ccsc1', 'CCCCC(CC)Cc1sc(CC(CC)CCCC)c2c1C(=O)c1cscc1C2=O', 'Cc1cccs1']",{[][<]CCCCCCCCC(CCCCCC)COc1c(F)cc(-c2c3cc(C)sc3c(-c3cc(F)c(OCC(CCCCCC)CCCCCCCC)c(F)c3)c3ccsc23)cc1F[>][<]}{[>][<]c1ccsc1[>][<]}{[>][<]CCCCC(CC)Cc1sc(CC(CC)CCCC)c2c1C(=O)c1cscc1C2=OCc1cccs1[>][]}
PBDT-SF-2TC,CCCCCCC(CCCC)CSOC(=O)c1cc(-c2cc3c(-c4cc(F)c(SCC(CC)CCCC)s4)c4sc(C)cc4c(-c4cc(F)c(SCC(CC)CCCC)s4)c3s2)sc1-c1ccc(C)s1,"['CCCCC(CC)CSc1sc(-c2c3cc(C)sc3c(-c3cc(F)c(SCC(CC)CCCC)s3)c3ccsc23)cc1F', 'CCCCCCC(CCCC)CSOC(=O)c1ccsc1', 'Cc1cccs1']",{[][<]CCCCC(CC)CSc1sc(-c2c3cc(C)sc3c(-c3cc(F)c(SCC(CC)CCCC)s3)c3ccsc23)cc1F[>][<]}{[>][<]CCCCCCC(CCCC)CSOC(=O)c1ccsc1Cc1cccs1[>][]}
PBDT-F-2TC,CCCCCCCCC(CCCCCC)COC(=O)c1cc(-c2cc3c(-c4cc(F)c(CC(CC)CCCC)s4)c4sc(C)cc4c(-c4cc(F)c(CC(CC)CCCC)s4)c3s2)sc1-c1ccc(C)s1,"['CCCCC(CC)Cc1sc(-c2c3cc(C)sc3c(-c3cc(F)c(CC(CC)CCCC)s3)c3ccsc23)cc1F', 'CCCCCCCCC(CCCCCC)COC(=O)c1ccsc1', 'Cc1cccs1']",{[][<]CCCCC(CC)Cc1sc(-c2c3cc(C)sc3c(-c3cc(F)c(CC(CC)CCCC)s3)c3ccsc23)cc1F[>][<]}{[>][<]CCCCCCCCC(CCCCCC)COC(=O)c1ccsc1Cc1cccs1[>][]}
PDBT-F,CCCCC(CC)Cc1sc(-c2c3sc4cc(C)sc4c3c(-c3cc(F)c(CCCCC(C)CC)s3)c3sc4cc(-c5ccc(-c6sc(-c7ccc(C)s7)c7c6C(=O)c6c(CC(CC)CCCC)sc(CC(CC)CCCC)c6C7=O)s5)sc4c23)cc1F,"['CCCCC(CC)Cc1sc(-c2c3sc4cc(C)sc4c3c(-c3cc(F)c(CCCCC(C)CC)s3)c3sc4ccsc4c23)cc1F', 'c1ccsc1', 'CCCCC(CC)Cc1sc(CC(CC)CCCC)c2c1C(=O)c1cscc1C2=O', 'Cc1cccs1']",{[][<]CCCCC(CC)Cc1sc(-c2c3sc4cc(C)sc4c3c(-c3cc(F)c(CCCCC(C)CC)s3)c3sc4ccsc4c23)cc1F[>][<]}{[>][<]c1ccsc1[>][<]}{[>][<]CCCCC(CC)Cc1sc(CC(CC)CCCC)c2c1C(=O)c1cscc1C2=OCc1cccs1[>][]}
PDBT-T1,CCCCCCCCc1ccc(-c2c3sc4cc(-c5ccc(-c6sc(-c7ccc(C)s7)c7c6C(=O)c6c(CC(CC)CCCC)sc(CC(CC)CCCC)c6C7=O)s5)sc4c3c(-c3ccc(CCCCCCCC)s3)c3sc4cc(C)sc4c23)s1,"['CCCCCCCCc1ccc(-c2c3sc4cc(C)sc4c3c(-c3ccc(CCCCCCCC)s3)c3sc4ccsc4c23)s1', 'c1ccsc1', 'CCCCC(CC)Cc1sc(CC(CC)CCCC)c2c1C(=O)c1cscc1C2=O', 'Cc1cccs1']",{[][<]CCCCCCCCc1ccc(-c2c3sc4cc(C)sc4c3c(-c3ccc(CCCCCCCC)s3)c3sc4ccsc4c23)s1[>][<]}{[>][<]c1ccsc1[>][<]}{[>][<]CCCCC(CC)Cc1sc(CC(CC)CCCC)c2c1C(=O)c1cscc1C2=OCc1cccs1[>][]}
PT2,CCCCC(CC)Cc1sc(CC(CC)CCCC)c2c1C(=O)c1c(-c3ccc(C)s3)sc(-c3ccc(-c4cc5c(-c6ccc([Si](CCC)(CCC)CCC)s6)c6sc(C)cc6c(-c6ccc([Si](CCC)(CCC)CCC)s6)c5s4)s3)c1C2=O,"['CCC[Si](CCC)(CCC)c1ccc(-c2c3cc(C)sc3c(-c3ccc([Si](CCC)(CCC)CCC)s3)c3ccsc23)s1', 'c1ccsc1', 'CCCCC(CC)Cc1sc(CC(CC)CCCC)c2c1C(=O)c1cscc1C2=O', 'Cc1cccs1']",{[][<]CCC[Si](CCC)(CCC)c1ccc(-c2c3cc(C)sc3c(-c3ccc([Si](CCC)(CCC)CCC)s3)c3ccsc23)s1[>][<]}{[>][<]c1ccsc1[>][<]}{[>][<]CCCCC(CC)Cc1sc(CC(CC)CCCC)c2c1C(=O)c1cscc1C2=OCc1cccs1[>][]}
PTBFeh-BDD,CCCCC(CC)Cc1ccc(-c2c3cc(-c4ccc(-c5sc(-c6ccc(C)s6)c6c5C(=O)c5c(CC(CC)CCCC)sc(CC(CC)CCCC)c5C6=O)s4)sc3c(-c3ccc(CC(CC)CCCC)s3)c3cc(C)oc23)s1,"['CCCCC(CC)Cc1ccc(-c2c3ccsc3c(-c3ccc(CC(CC)CCCC)s3)c3cc(C)oc23)s1', 'c1ccsc1', 'CCCCC(CC)Cc1sc(CC(CC)CCCC)c2c1C(=O)c1cscc1C2=O', 'Cc1cccs1']",{[][<]CCCCC(CC)Cc1ccc(-c2c3ccsc3c(-c3ccc(CC(CC)CCCC)s3)c3cc(C)oc23)s1[>][<]}{[>][<]c1ccsc1[>][<]}{[>][<]CCCCC(CC)Cc1sc(CC(CC)CCCC)c2c1C(=O)c1cscc1C2=OCc1cccs1[>][]}
PTBFSdo-BDD,CCCCCCCCCCCCSSc1ccc(-c2c3cc(-c4ccc(-c5sc(-c6ccc(C)s6)c6c5C(=O)c5c(CC(CC)CCCC)sc(CC(CC)CCCC)c5C6=O)s4)sc3c(-c3ccc(SSCCCCCCCCCCCC)s3)c3cc(C)oc23)s1,"['CCCCCCCCCCCCSSc1ccc(-c2c3ccsc3c(-c3ccc(SSCCCCCCCCCCCC)s3)c3cc(C)oc23)s1', 'c1ccsc1', 'CCCCC(CC)Cc1sc(CC(CC)CCCC)c2c1C(=O)c1cscc1C2=O', 'Cc1cccs1']",{[][<]CCCCCCCCCCCCSSc1ccc(-c2c3ccsc3c(-c3ccc(SSCCCCCCCCCCCC)s3)c3cc(C)oc23)s1[>][<]}{[>][<]c1ccsc1[>][<]}{[>][<]CCCCC(CC)Cc1sc(CC(CC)CCCC)c2c1C(=O)c1cscc1C2=OCc1cccs1[>][]}
PTBFSeh-BDD,CCCCC(CC)CSc1ccc(-c2c3cc(-c4ccc(-c5sc(-c6ccc(C)s6)c6c5C(=O)c5c(CC(CC)CCCC)sc(CC(CC)CCCC)c5C6=O)s4)sc3c(-c3ccc(SCC(CC)CCCC)s3)c3cc(C)oc23)s1,"['CCCCC(CC)CSc1ccc(-c2c3ccsc3c(-c3ccc(SCC(CC)CCCC)s3)c3cc(C)oc23)s1', 'c1ccsc1', 'CCCCC(CC)Cc1sc(CC(CC)CCCC)c2c1C(=O)c1cscc1C2=O', 'Cc1cccs1']",{[][<]CCCCC(CC)CSc1ccc(-c2c3ccsc3c(-c3ccc(SCC(CC)CCCC)s3)c3cc(C)oc23)s1[>][<]}{[>][<]c1ccsc1[>][<]}{[>][<]CCCCC(CC)Cc1sc(CC(CC)CCCC)c2c1C(=O)c1cscc1C2=OCc1cccs1[>][]}
2TC-TC-BDTFT,CCCCCCC(CCCC)CSOC(=O)c1cc(C)sc1-c1cc2sc(-c3sc(-c4cc5c(-c6cc(F)c(CC(CC)CCCC)s6)c6sc(C)cc6c(-c6cc(F)c(CC(CC)CCCC)s6)c5s4)cc3C(=O)OSCC(CCCC)CCCCCC)cc2s1,"['CCCCC(CC)Cc1sc(-c2c3cc(C)sc3c(-c3cc(F)c(CC(CC)CCCC)s3)c3ccsc23)cc1F', 'CCCCCCC(CCCC)CSOC(=O)c1ccsc1', 'c1cc2sccc2s1', 'CCCCCCC(CCCC)CSOC(=O)c1csc(C)c1']",{[][<]CCCCC(CC)Cc1sc(-c2c3cc(C)sc3c(-c3cc(F)c(CC(CC)CCCC)s3)c3ccsc23)cc1F[>][<]}{[>][<]CCCCCCC(CCCC)CSOC(=O)c1ccsc1[>][<]}{[>][<]c1cc2sccc2s1CCCCCCC(CCCC)CSOC(=O)c1csc(C)c1[>][]}
2T-TTC-BDTFT,CCCCCCC(CCCC)CSOC(=O)c1c(-c2ccc(C)s2)sc2c(C(=O)OSCC(CCCC)CCCCCC)c(-c3ccc(-c4cc5c(-c6cc(F)c(CC(CC)CCCC)s6)c6sc(C)cc6c(-c6cc(F)c(CC(CC)CCCC)s6)c5s4)s3)sc12,"['CCCCC(CC)Cc1sc(-c2c3cc(C)sc3c(-c3cc(F)c(CC(CC)CCCC)s3)c3ccsc23)cc1F', 'c1ccsc1', 'CCCCCCC(CCCC)CSOC(=O)c1csc2c(C(=O)OSCC(CCCC)CCCCCC)csc12', 'Cc1cccs1']",{[][<]CCCCC(CC)Cc1sc(-c2c3cc(C)sc3c(-c3cc(F)c(CC(CC)CCCC)s3)c3ccsc23)cc1F[>][<]}{[>][<]c1ccsc1[>][<]}{[>][<]CCCCCCC(CCCC)CSOC(=O)c1csc2c(C(=O)OSCC(CCCC)CCCCCC)csc12Cc1cccs1[>][]}
PB24-3TDC,CCCCCCCCC(CCCCCC)COC(=O)c1cc(C)sc1-c1ccc(-c2sc(-c3ccc(-c4c(F)c(F)c(-c5ccc(C)s5)c5nn(CCCCC(C)CC)nc45)s3)cc2C(=O)OCC(CCCCCC)CCCCCCCC)s1,"['Cc1cccs1', 'CCC(C)CCCCn1nc2cc(F)c(F)cc2n1', 'c1ccsc1', 'CCCCCCCCC(CCCCCC)COC(=O)c1ccsc1', 'c1ccsc1', 'CCCCCCCCC(CCCCCC)COC(=O)c1csc(C)c1']",{[][<]Cc1cccs1[>][<]}{[>][<]CCC(C)CCCCn1nc2cc(F)c(F)cc2n1[>][<]}{[>][<]c1ccsc1[>][<]}{[>][<]CCCCCCCCC(CCCCCC)COC(=O)c1ccsc1[>][<]}{[>][<]c1ccsc1CCCCCCCCC(CCCCCC)COC(=O)c1csc(C)c1[>][]}
PB68-3TDC,CCCCCCCCC(CCCCCC)COC(=O)c1cc(C)sc1-c1ccc(-c2sc(-c3ccc(-c4c(F)c(F)c(-c5ccc(C)s5)c5nn(CCCCCCCCC(C)CCCCCC)nc45)s3)cc2C(=O)OCC(CCCCCC)CCCCCCCC)s1,"['Cc1cccs1', 'CCCCCCC(C)CCCCCCCCn1nc2cc(F)c(F)cc2n1', 'c1ccsc1', 'CCCCCCCCC(CCCCCC)COC(=O)c1ccsc1', 'c1ccsc1', 'CCCCCCCCC(CCCCCC)COC(=O)c1csc(C)c1']",{[][<]Cc1cccs1[>][<]}{[>][<]CCCCCCC(C)CCCCCCCCn1nc2cc(F)c(F)cc2n1[>][<]}{[>][<]c1ccsc1[>][<]}{[>][<]CCCCCCCCC(CCCCCC)COC(=O)c1ccsc1[>][<]}{[>][<]c1ccsc1CCCCCCCCC(CCCCCC)COC(=O)c1csc(C)c1[>][]}
PBDT-3TCO,CCCCC(CC)CC(=O)c1cc(C)sc1-c1ccc(-c2sc(-c3cc4c(-c5cc(F)c(CC(CC)CCCC)s5)c5sc(C)cc5c(-c5cc(F)c(CC(CC)CCCC)s5)c4s3)cc2C(=O)CC(CC)CCCC)s1,"['CCCCC(CC)Cc1sc(-c2c3cc(C)sc3c(-c3cc(F)c(CC(CC)CCCC)s3)c3ccsc23)cc1F', 'CCCCC(CC)CC(=O)c1ccsc1', 'c1ccsc1', 'CCCCC(CC)CC(=O)c1csc(C)c1']",{[][<]CCCCC(CC)Cc1sc(-c2c3cc(C)sc3c(-c3cc(F)c(CC(CC)CCCC)s3)c3ccsc23)cc1F[>][<]}{[>][<]CCCCC(CC)CC(=O)c1ccsc1[>][<]}{[>][<]c1ccsc1CCCCC(CC)CC(=O)c1csc(C)c1[>][]}
PBDT-3T,CCCCC(CC)Cc1cc(C)sc1-c1ccc(-c2sc(-c3cc4c(-c5cc(F)c(CC(CC)CCCC)s5)c5sc(C)cc5c(-c5cc(F)c(CC(CC)CCCC)s5)c4s3)cc2CC(CC)CCCC)s1,"['CCCCC(CC)Cc1sc(-c2c3cc(C)sc3c(-c3cc(F)c(CC(CC)CCCC)s3)c3ccsc23)cc1F', 'CCCCC(CC)Cc1ccsc1', 'c1ccsc1', 'CCCCC(CC)Cc1csc(C)c1']",{[][<]CCCCC(CC)Cc1sc(-c2c3cc(C)sc3c(-c3cc(F)c(CC(CC)CCCC)s3)c3ccsc23)cc1F[>][<]}{[>][<]CCCCC(CC)Cc1ccsc1[>][<]}{[>][<]c1ccsc1CCCCC(CC)Cc1csc(C)c1[>][]}
PBTIBDTT,CCCCCCCCCCc1cc(C)sc1-c1cc2c(=O)n(CC(CCCCCC)CCCCCCCC)c(=O)c3cc(-c4sc(-c5cc6c(-c7ccc(CC(CC)CCCC)s7)c7sc(C)cc7c(-c7ccc(CC(CC)CCCC)s7)c6s5)cc4CCCCCCCCCC)sc3c2s1,"['CCCCC(CC)Cc1ccc(-c2c3cc(C)sc3c(-c3ccc(CC(CC)CCCC)s3)c3ccsc23)s1', 'CCCCCCCCCCc1ccsc1', 'CCCCCCCCC(CCCCCC)Cn1c(=O)c2ccsc2c2sccc2c1=O', 'CCCCCCCCCCc1csc(C)c1']",{[][<]CCCCC(CC)Cc1ccc(-c2c3cc(C)sc3c(-c3ccc(CC(CC)CCCC)s3)c3ccsc23)s1[>][<]}{[>][<]CCCCCCCCCCc1ccsc1[>][<]}{[>][<]CCCCCCCCC(CCCCCC)Cn1c(=O)c2ccsc2c2sccc2c1=OCCCCCCCCCCc1csc(C)c1[>][]}
PDCBT-2F,CCCCCCCCCCC(CCCCCCCC)COC(=O)c1cc(C)sc1-c1cc(F)c(-c2sc(-c3sc(C)cc3C(=O)OCC(CCCCCCCC)CCCCCCCCCC)cc2F)s1,"['CCCCCCCCCCC(CCCCCCCC)COC(=O)c1csc(C)c1', 'Fc1ccsc1', 'Fc1ccsc1', 'CCCCCCCCCCC(CCCCCCCC)COC(=O)c1csc(C)c1']",{[][<]CCCCCCCCCCC(CCCCCCCC)COC(=O)c1csc(C)c1[>][<]}{[>][<]Fc1ccsc1[>][<]}{[>][<]Fc1ccsc1CCCCCCCCCCC(CCCCCCCC)COC(=O)c1csc(C)c1[>][]}
PBT-F,CCCCCCCCOc1c(OCCCCCCCC)c(-c2ccc(-c3cc4c(-c5cc(F)c(CC(CC)CCCC)s5)c5sc(C)cc5c(-c5cc(F)c(CC(CC)CCCC)s5)c4s3)s2)c2nsnc2c1-c1ccc(C)s1,"['CCCCC(CC)Cc1sc(-c2c3cc(C)sc3c(-c3cc(F)c(CC(CC)CCCC)s3)c3ccsc23)cc1F', 'c1ccsc1', 'CCCCCCCCOc1cc2nsnc2cc1OCCCCCCCC', 'Cc1cccs1']",{[][<]CCCCC(CC)Cc1sc(-c2c3cc(C)sc3c(-c3cc(F)c(CC(CC)CCCC)s3)c3ccsc23)cc1F[>][<]}{[>][<]c1ccsc1[>][<]}{[>][<]CCCCCCCCOc1cc2nsnc2cc1OCCCCCCCCCc1cccs1[>][]}
PBT-SF,CCCCCCCCOc1c(OCCCCCCCC)c(-c2ccc(-c3cc4c(-c5cc(F)c(SCC(CC)CCCC)s5)c5sc(C)cc5c(-c5cc(F)c(SCC(CC)CCCC)s5)c4s3)s2)c2nsnc2c1-c1ccc(C)s1,"['CCCCC(CC)CSc1sc(-c2c3cc(C)sc3c(-c3cc(F)c(SCC(CC)CCCC)s3)c3ccsc23)cc1F', 'c1ccsc1', 'CCCCCCCCOc1cc2nsnc2cc1OCCCCCCCC', 'Cc1cccs1']",{[][<]CCCCC(CC)CSc1sc(-c2c3cc(C)sc3c(-c3cc(F)c(SCC(CC)CCCC)s3)c3ccsc23)cc1F[>][<]}{[>][<]c1ccsc1[>][<]}{[>][<]CCCCCCCCOc1cc2nsnc2cc1OCCCCCCCCCc1cccs1[>][]}
PBT1-C,CCCCCCCCCCC(CCCCCCCC)Cc1ccc(-c2c3cc(C)sc3c(-c3ccc(SCC(CCCC)CCCCCC)cc3)c3cc(-c4ccc(-c5sc(-c6ccc(C)s6)c6c5C(=O)c5c(CC(CC)CCCC)sc(CC(CC)CCCC)c5C6=O)s4)sc23)cc1,"['CCCCCCCCCCC(CCCCCCCC)Cc1ccc(-c2c3cc(C)sc3c(-c3ccc(SCC(CCCC)CCCCCC)cc3)c3ccsc23)cc1', 'c1ccsc1', 'CCCCC(CC)Cc1sc(CC(CC)CCCC)c2c1C(=O)c1cscc1C2=O', 'Cc1cccs1']",{[][<]CCCCCCCCCCC(CCCCCCCC)Cc1ccc(-c2c3cc(C)sc3c(-c3ccc(SCC(CCCC)CCCCCC)cc3)c3ccsc23)cc1[>][<]}{[>][<]c1ccsc1[>][<]}{[>][<]CCCCC(CC)Cc1sc(CC(CC)CCCC)c2c1C(=O)c1cscc1C2=OCc1cccs1[>][]}
PTZPF,CCCCCCCCC(CCCCCC)Cn1nc2c(-c3ccc(C)s3)c(F)c(F)c(-c3ccc(-c4cc5c(-c6cc(F)c(CC(CC)CCCC)c(F)c6)c6sc(C)cc6c(-c6cc(F)c(CC(CC)CCCC)c(F)c6)c5s4)s3)c2n1,"['CCCCC(CC)Cc1c(F)cc(-c2c3cc(C)sc3c(-c3cc(F)c(CC(CC)CCCC)c(F)c3)c3ccsc23)cc1F', 'c1ccsc1', 'CCCCCCCCC(CCCCCC)Cn1nc2cc(F)c(F)cc2n1', 'Cc1cccs1']",{[][<]CCCCC(CC)Cc1c(F)cc(-c2c3cc(C)sc3c(-c3cc(F)c(CC(CC)CCCC)c(F)c3)c3ccsc23)cc1F[>][<]}{[>][<]c1ccsc1[>][<]}{[>][<]CCCCCCCCC(CCCCCC)Cn1nc2cc(F)c(F)cc2n1Cc1cccs1[>][]}
PTZI,CCCCCCCCC(CCCCCC)Cc1ccc(-c2c3cc(-c4cc(SCC(CCCC)CCCCCC)c(-c5nc6sc(-c7sc(C)cc7SCC(CCCC)CCCCCC)nc6s5)s4)sc3c(-c3ccc(CC(CCCCCC)CCCCCCCC)s3)c3cc(C)sc23)s1,"['CCCCCCCCC(CCCCCC)Cc1ccc(-c2c3cc(C)sc3c(-c3ccc(CC(CCCCCC)CCCCCCCC)s3)c3ccsc23)s1', 'CCCCCCC(CCCC)CSc1ccsc1', 'c1nc2scnc2s1', 'CCCCCCC(CCCC)CSc1csc(C)c1']",{[][<]CCCCCCCCC(CCCCCC)Cc1ccc(-c2c3cc(C)sc3c(-c3ccc(CC(CCCCCC)CCCCCCCC)s3)c3ccsc23)s1[>][<]}{[>][<]CCCCCCC(CCCC)CSc1ccsc1[>][<]}{[>][<]c1nc2scnc2s1CCCCCCC(CCCC)CSc1csc(C)c1[>][]}
PBDTTz-BP,CCCCCCCCC(CCCCCC)COc1ccc(-c2ccc(-c3c4cc(-c5ccc(-c6c(F)c(F)c(-c7ccc(C)s7)c7nn(SCC(CCCC)CCCCCC)nc67)s5)sc4c(-c4ccc(-c5ccc(OCC(CCCCCC)CCCCCCCC)cc5)cc4)c4cc(C)sc34)cc2)cc1,"['CCCCCCCCC(CCCCCC)COc1ccc(-c2ccc(-c3c4cc(C)sc4c(-c4ccc(-c5ccc(OCC(CCCCCC)CCCCCCCC)cc5)cc4)c4ccsc34)cc2)cc1', 'c1ccsc1', 'CCCCCCC(CCCC)CSn1nc2cc(F)c(F)cc2n1', 'Cc1cccs1']",{[][<]CCCCCCCCC(CCCCCC)COc1ccc(-c2ccc(-c3c4cc(C)sc4c(-c4ccc(-c5ccc(OCC(CCCCCC)CCCCCCCC)cc5)cc4)c4ccsc34)cc2)cc1[>][<]}{[>][<]c1ccsc1[>][<]}{[>][<]CCCCCCC(CCCC)CSn1nc2cc(F)c(F)cc2n1Cc1cccs1[>][]}
PBDTTz-N,CCCCCCCCC(CCCCCC)COc1ccc2cc(-c3c4cc(-c5ccc(-c6c(F)c(F)c(-c7ccc(C)s7)c7nn(SCC(CCCC)CCCCCC)nc67)s5)sc4c(-c4ccc5cc(OCC(CCCCCC)CCCCCCCC)ccc5c4)c4cc(C)sc34)ccc2c1,"['CCCCCCCCC(CCCCCC)COc1ccc2cc(-c3c4cc(C)sc4c(-c4ccc5cc(OCC(CCCCCC)CCCCCCCC)ccc5c4)c4ccsc34)ccc2c1', 'c1ccsc1', 'CCCCCCC(CCCC)CSn1nc2cc(F)c(F)cc2n1', 'Cc1cccs1']",{[][<]CCCCCCCCC(CCCCCC)COc1ccc2cc(-c3c4cc(C)sc4c(-c4ccc5cc(OCC(CCCCCC)CCCCCCCC)ccc5c4)c4ccsc34)ccc2c1[>][<]}{[>][<]c1ccsc1[>][<]}{[>][<]CCCCCCC(CCCC)CSn1nc2cc(F)c(F)cc2n1Cc1cccs1[>][]}
PTQ10,CCCCCCCCC(CCCCCC)COc1cnc2c(C)c(F)c(F)c(-c3ccc(C)s3)c2n1,"['Cc1cccs1', 'CCCCCCCCC(CCCCCC)COc1cnc2c(C)c(F)c(F)cc2n1']",{[][<]Cc1cccs1CCCCCCCCC(CCCCCC)COc1cnc2c(C)c(F)c(F)cc2n1[>][]}
PT2,CCCCC(CC)Cc1sc(-c2c3cc(-c4ccc(-c5sc(-c6ccc(C)s6)c6c5C(=O)c5c(CC(CC)CCCC)sc(CC(CC)CCCC)c5C6=O)s4)sc3c(-c3cc(Cl)c(CC(CC)CCCC)s3)c3cc(C)sc23)cc1Cl,"['CCCCC(CC)Cc1sc(-c2c3cc(C)sc3c(-c3cc(Cl)c(CC(CC)CCCC)s3)c3ccsc23)cc1Cl', 'c1ccsc1', 'CCCCC(CC)Cc1sc(CC(CC)CCCC)c2c1C(=O)c1cscc1C2=O', 'Cc1cccs1']",{[][<]CCCCC(CC)Cc1sc(-c2c3cc(C)sc3c(-c3cc(Cl)c(CC(CC)CCCC)s3)c3ccsc23)cc1Cl[>][<]}{[>][<]c1ccsc1[>][<]}{[>][<]CCCCC(CC)Cc1sc(CC(CC)CCCC)c2c1C(=O)c1cscc1C2=OCc1cccs1[>][]}
PBDB-T-BO,CCCCCCCCC(CCCCCC)Cc1ccc(-c2c3cc(-c4ccc(-c5sc(-c6ccc(C)s6)c6c5C(=O)c5c(CC(CC)CCCC)sc(CC(CC)CCCC)c5C6=O)s4)sc3c(-c3ccc(CC(CCCCCC)CCCCCCCC)s3)c3cc(C)sc23)s1,"['CCCCCCCCC(CCCCCC)Cc1ccc(-c2c3cc(C)sc3c(-c3ccc(CC(CCCCCC)CCCCCCCC)s3)c3ccsc23)s1', 'c1ccsc1', 'CCCCC(CC)Cc1sc(CC(CC)CCCC)c2c1C(=O)c1cscc1C2=O', 'Cc1cccs1']",{[][<]CCCCCCCCC(CCCCCC)Cc1ccc(-c2c3cc(C)sc3c(-c3ccc(CC(CCCCCC)CCCCCCCC)s3)c3ccsc23)s1[>][<]}{[>][<]c1ccsc1[>][<]}{[>][<]CCCCC(CC)Cc1sc(CC(CC)CCCC)c2c1C(=O)c1cscc1C2=OCc1cccs1[>][]}
PBDB-BzT,CCCCC(CC)Cc1sc(CC(CC)CCCC)c2c1C(=O)c1c(-c3ccc(C)s3)sc(-c3ccc(-c4cc5c(-c6cc7cc(B=O)ccc7s6)c6sc(C)cc6c(-c6cc7cc(B=O)ccc7s6)c5s4)s3)c1C2=O,"['Cc1cc2c(-c3cc4cc(B=O)ccc4s3)c3sccc3c(-c3cc4cc(B=O)ccc4s3)c2s1', 'c1ccsc1', 'CCCCC(CC)Cc1sc(CC(CC)CCCC)c2c1C(=O)c1cscc1C2=O', 'Cc1cccs1']",{[][<]Cc1cc2c(-c3cc4cc(B=O)ccc4s3)c3sccc3c(-c3cc4cc(B=O)ccc4s3)c2s1[>][<]}{[>][<]c1ccsc1[>][<]}{[>][<]CCCCC(CC)Cc1sc(CC(CC)CCCC)c2c1C(=O)c1cscc1C2=OCc1cccs1[>][]}
PBTT,CCCCCCOC(=O)c1sc2c(-c3cc4c(-c5ccc(CC(CC)CCCC)s5)c5sc(C)cc5c(-c5ccc(CC(CC)CCCC)s5)c4s3)sc(C)c2c1F,"['CCCCC(CC)Cc1ccc(-c2c3cc(C)sc3c(-c3ccc(CC(CC)CCCC)s3)c3ccsc23)s1', 'CCCCCCOC(=O)c1sc2csc(C)c2c1F']",{[][<]CCCCC(CC)Cc1ccc(-c2c3cc(C)sc3c(-c3ccc(CC(CC)CCCC)s3)c3ccsc23)s1CCCCCCOC(=O)c1sc2csc(C)c2c1F[>][]}
PBZ-TS,CCCCCCC(CCCC)CSn1nc2c(-c3cc(SCC(CC)CCCC)c(C)s3)c(F)c(F)c(-c3cc(SCC(CC)CCCC)c(-c4cc5c(-c6ccc(SCC(CC)CCCC)s6)c6sc(C)cc6c(-c6ccc(SCC(CC)CCCC)s6)c5s4)s3)c2n1,"['CCCCC(CC)CSc1ccc(-c2c3cc(C)sc3c(-c3ccc(SCC(CC)CCCC)s3)c3ccsc23)s1', 'CCCCC(CC)CSc1ccsc1', 'CCCCCCC(CCCC)CSn1nc2cc(F)c(F)cc2n1', 'CCCCC(CC)CSc1ccsc1C']",{[][<]CCCCC(CC)CSc1ccc(-c2c3cc(C)sc3c(-c3ccc(SCC(CC)CCCC)s3)c3ccsc23)s1[>][<]}{[>][<]CCCCC(CC)CSc1ccsc1[>][<]}{[>][<]CCCCCCC(CCCC)CSn1nc2cc(F)c(F)cc2n1CCCCC(CC)CSc1ccsc1C[>][]}
PBT1-EH,CCCCCCC(CCCC)CSc1sc(SCC(CCCC)CCCCCC)c2c1C(=O)c1c(-c3ccc(C)s3)sc(-c3ccc(-c4cc5c(-c6ccc(SCC(CC)CCCC)s6)c6sc(C)cc6c(-c6ccc(SCC(CC)CCCC)s6)c5s4)s3)c1C2=O,"['CCCCC(CC)CSc1ccc(-c2c3cc(C)sc3c(-c3ccc(SCC(CC)CCCC)s3)c3ccsc23)s1', 'c1ccsc1', 'CCCCCCC(CCCC)CSc1sc(SCC(CCCC)CCCCCC)c2c1C(=O)c1cscc1C2=O', 'Cc1cccs1']",{[][<]CCCCC(CC)CSc1ccc(-c2c3cc(C)sc3c(-c3ccc(SCC(CC)CCCC)s3)c3ccsc23)s1[>][<]}{[>][<]c1ccsc1[>][<]}{[>][<]CCCCCCC(CCCC)CSc1sc(SCC(CCCC)CCCCCC)c2c1C(=O)c1cscc1C2=OCc1cccs1[>][]}
J52-Cl,CCCCCCCCC(CCCCCC)Cn1nc2c(-c3ccc(C)s3)c(F)c(F)c(-c3ccc(-c4cc5c(-c6cc(Cl)c(CC(CC)CCCC)s6)c6sc(C)cc6c(-c6cc(Cl)c(CCCCC(C)CC)s6)c5s4)s3)c2n1,"['CCCCC(CC)Cc1sc(-c2c3ccsc3c(-c3cc(Cl)c(CCCCC(C)CC)s3)c3cc(C)sc23)cc1Cl', 'c1ccsc1', 'CCCCCCCCC(CCCCCC)Cn1nc2cc(F)c(F)cc2n1', 'Cc1cccs1']",{[][<]CCCCC(CC)Cc1sc(-c2c3ccsc3c(-c3cc(Cl)c(CCCCC(C)CC)s3)c3cc(C)sc23)cc1Cl[>][<]}{[>][<]c1ccsc1[>][<]}{[>][<]CCCCCCCCC(CCCCCC)Cn1nc2cc(F)c(F)cc2n1Cc1cccs1[>][]}
PBDT-Se-TAZ,CCCCCCCCC(CCCCCC)Cc1ccc(-c2c3cc(-c4ccc(-c5c(F)c(F)c(-c6ccc(C)s6)c6nn(CCCCCC)nc56)s4)sc3c(-c3ccc(CCCCCCCCC(C)CCCCCC)[se]3)c3cc(C)sc23)[se]1,"['CCCCCCCCC(CCCCCC)Cc1ccc(-c2c3ccsc3c(-c3ccc(CCCCCCCCC(C)CCCCCC)[se]3)c3cc(C)sc23)[se]1', 'c1ccsc1', 'CCCCCCn1nc2cc(F)c(F)cc2n1', 'Cc1cccs1']",{[][<]CCCCCCCCC(CCCCCC)Cc1ccc(-c2c3ccsc3c(-c3ccc(CCCCCCCCC(C)CCCCCC)[se]3)c3cc(C)sc23)[se]1[>][<]}{[>][<]c1ccsc1[>][<]}{[>][<]CCCCCCn1nc2cc(F)c(F)cc2n1Cc1cccs1[>][]}
PBDT-Se-TAZ,CCCCCCCCC(CCCCCC)CSc1ccc(-c2c3cc(-c4ccc(-c5c(F)c(F)c(-c6ccc(C)s6)c6nn(CCCCCC)nc56)s4)sc3c(-c3ccc(SCC(CCCCCC)CCCCCCCC)[se]3)c3cc(C)sc23)[se]1,"['CCCCCCCCC(CCCCCC)CSc1ccc(-c2c3cc(C)sc3c(-c3ccc(SCC(CCCCCC)CCCCCCCC)[se]3)c3ccsc23)[se]1', 'c1ccsc1', 'CCCCCCn1nc2cc(F)c(F)cc2n1', 'Cc1cccs1']",{[][<]CCCCCCCCC(CCCCCC)CSc1ccc(-c2c3cc(C)sc3c(-c3ccc(SCC(CCCCCC)CCCCCCCC)[se]3)c3ccsc23)[se]1[>][<]}{[>][<]c1ccsc1[>][<]}{[>][<]CCCCCCn1nc2cc(F)c(F)cc2n1Cc1cccs1[>][]}
PBDB-TF,CCCCC(CC)Cc1sc(-c2c3cc(-c4ccc(-c5sc(-c6ccc(C)s6)c6c5C(=O)c5c(CC(CC)CCCC)sc(CC(CC)CCCC)c5C6=O)s4)sc3c(-c3cc(F)c(CC(CC)CCCC)s3)c3cc(C)sc23)cc1F,"['CCCCC(CC)Cc1sc(-c2c3cc(C)sc3c(-c3cc(F)c(CC(CC)CCCC)s3)c3ccsc23)cc1F', 'c1ccsc1', 'CCCCC(CC)Cc1sc(CC(CC)CCCC)c2c1C(=O)c1cscc1C2=O', 'Cc1cccs1']",{[][<]CCCCC(CC)Cc1sc(-c2c3cc(C)sc3c(-c3cc(F)c(CC(CC)CCCC)s3)c3ccsc23)cc1F[>][<]}{[>][<]c1ccsc1[>][<]}{[>][<]CCCCC(CC)Cc1sc(CC(CC)CCCC)c2c1C(=O)c1cscc1C2=OCc1cccs1[>][]}
PBZ1,CCCCCCCCC(CCCCCC)Cn1nc2c(-c3ccc(C)s3)c(F)c(F)c(-c3ccc(-c4cc5c(-c6ccc(OCC(CC)CCCC)cc6)c6sc(C)cc6c(-c6ccc(OCC(CC)CCCC)cc6)c5s4)s3)c2n1,"['CCCCC(CC)COc1ccc(-c2c3cc(C)sc3c(-c3ccc(OCC(CC)CCCC)cc3)c3ccsc23)cc1', 'c1ccsc1', 'CCCCCCCCC(CCCCCC)Cn1nc2cc(F)c(F)cc2n1', 'Cc1cccs1']",{[][<]CCCCC(CC)COc1ccc(-c2c3cc(C)sc3c(-c3ccc(OCC(CC)CCCC)cc3)c3ccsc23)cc1[>][<]}{[>][<]c1ccsc1[>][<]}{[>][<]CCCCCCCCC(CCCCCC)Cn1nc2cc(F)c(F)cc2n1Cc1cccs1[>][]}
PBZ-m-CF3,CCCCCCCCC(CCCCCC)Cn1nc2c(-c3ccc(C)s3)c(F)c(F)c(-c3ccc(-c4cc5c(-c6ccc(OCC(CC)CCCC)c(C(F)(F)F)c6)c6sc(C)cc6c(-c6ccc(OCC(CC)CCCC)c(C(F)(F)F)c6)c5s4)s3)c2n1,"['CCCCC(CC)COc1ccc(-c2c3cc(C)sc3c(-c3ccc(OCC(CC)CCCC)c(C(F)(F)F)c3)c3ccsc23)cc1C(F)(F)F', 'c1ccsc1', 'CCCCCCCCC(CCCCCC)Cn1nc2cc(F)c(F)cc2n1', 'Cc1cccs1']",{[][<]CCCCC(CC)COc1ccc(-c2c3cc(C)sc3c(-c3ccc(OCC(CC)CCCC)c(C(F)(F)F)c3)c3ccsc23)cc1C(F)(F)F[>][<]}{[>][<]c1ccsc1[>][<]}{[>][<]CCCCCCCCC(CCCCCC)Cn1nc2cc(F)c(F)cc2n1Cc1cccs1[>][]}
PBDTTz-SBP,CCCCCCCCC(CCCCCC)CSc1ccc(-c2ccc(-c3c4cc(-c5ccc(-c6c(F)c(F)c(-c7ccc(C)s7)c7nn(CC(CCCCCC)CCCCCCCC)nc67)s5)sc4c(-c4ccc(-c5ccc(SCC(CCCCCC)CCCCCCCC)cc5)cc4)c4cc(C)sc34)cc2)cc1,"['CCCCCCCCC(CCCCCC)CSc1ccc(-c2ccc(-c3c4cc(C)sc4c(-c4ccc(-c5ccc(SCC(CCCCCC)CCCCCCCC)cc5)cc4)c4ccsc34)cc2)cc1', 'c1ccsc1', 'CCCCCCCCC(CCCCCC)Cn1nc2cc(F)c(F)cc2n1', 'Cc1cccs1']",{[][<]CCCCCCCCC(CCCCCC)CSc1ccc(-c2ccc(-c3c4cc(C)sc4c(-c4ccc(-c5ccc(SCC(CCCCCC)CCCCCCCC)cc5)cc4)c4ccsc34)cc2)cc1[>][<]}{[>][<]c1ccsc1[>][<]}{[>][<]CCCCCCCCC(CCCCCC)Cn1nc2cc(F)c(F)cc2n1Cc1cccs1[>][]}
PJ1,CCCCCCCCCCCCSc1cc(C)sc1-c1sc(-c2sc(-c3cc4c(-c5ccc([Si](CCC)(CCC)CCC)s5)c5sc(C)cc5c(-c5ccc([Si](CCC)(CCC)CCC)s5)c4s3)cc2SCCCCCCCCCCCC)c2c1C(=O)N(CC(CCCCCC)CCCCCCCC)C2=O,"['CCC[Si](CCC)(CCC)c1ccc(-c2c3cc(C)sc3c(-c3ccc([Si](CCC)(CCC)CCC)s3)c3ccsc23)s1', 'CCCCCCCCCCCCSc1ccsc1', 'CCCCCCCCC(CCCCCC)CN1C(=O)c2cscc2C1=O', 'CCCCCCCCCCCCSc1csc(C)c1']",{[][<]CCC[Si](CCC)(CCC)c1ccc(-c2c3cc(C)sc3c(-c3ccc([Si](CCC)(CCC)CCC)s3)c3ccsc23)s1[>][<]}{[>][<]CCCCCCCCCCCCSc1ccsc1[>][<]}{[>][<]CCCCCCCCC(CCCCCC)CN1C(=O)c2cscc2C1=OCCCCCCCCCCCCSc1csc(C)c1[>][]}
PJ2,CCCCC(CC)Cc1sc(CC(CC)CCCC)c2c1C(=O)c1c(-c3ccc(C)s3)sc(-c3ccc(-c4cc5c(-c6ccc([Si](CCC)(CCC)CCC)s6)c6sc(C)cc6c(-c6ccc([Si](CCC)(CCC)CCC)s6)c5s4)s3)c1C2=O,"['CCC[Si](CCC)(CCC)c1ccc(-c2c3cc(C)sc3c(-c3ccc([Si](CCC)(CCC)CCC)s3)c3ccsc23)s1', 'c1ccsc1', 'CCCCC(CC)Cc1sc(CC(CC)CCCC)c2c1C(=O)c1cscc1C2=O', 'Cc1cccs1']",{[][<]CCC[Si](CCC)(CCC)c1ccc(-c2c3cc(C)sc3c(-c3ccc([Si](CCC)(CCC)CCC)s3)c3ccsc23)s1[>][<]}{[>][<]c1ccsc1[>][<]}{[>][<]CCCCC(CC)Cc1sc(CC(CC)CCCC)c2c1C(=O)c1cscc1C2=OCc1cccs1[>][]}
PJ3,CCCCCCCCCCC(CCCCCCCC)Cc1cc(-c2c(F)c(F)c(-c3cc(CC(CCCCCCCC)CCCCCCCCCC)c(-c4cc5c(-c6ccc([Si](CCC)(CCC)CCC)s6)c6sc(C)cc6c(-c6ccc([Si](CCC)(CCC)CCC)s6)c5s4)s3)c3nsnc23)sc1C,"['CCC[Si](CCC)(CCC)c1ccc(-c2c3cc(C)sc3c(-c3ccc([Si](CCC)(CCC)CCC)s3)c3ccsc23)s1', 'CCCCCCCCCCC(CCCCCCCC)Cc1ccsc1', 'Fc1cc2nsnc2cc1F', 'CCCCCCCCCCC(CCCCCCCC)Cc1ccsc1C']",{[][<]CCC[Si](CCC)(CCC)c1ccc(-c2c3cc(C)sc3c(-c3ccc([Si](CCC)(CCC)CCC)s3)c3ccsc23)s1[>][<]}{[>][<]CCCCCCCCCCC(CCCCCCCC)Cc1ccsc1[>][<]}{[>][<]Fc1cc2nsnc2cc1FCCCCCCCCCCC(CCCCCCCC)Cc1ccsc1C[>][]}
2D-PBTCl,CCCCC(CC)COC(=O)c1ccc(-c2sc3c(-c4cc5c(-c6ccc(CC(CC)CCCC)s6)c6sc(C)cc6c(-c6ccc(CC(CC)CCCC)s6)c5s4)sc(C)c3c2Cl)s1,"['CCCCC(CC)Cc1ccc(-c2c3cc(C)sc3c(-c3ccc(CC(CC)CCCC)s3)c3ccsc23)s1', 'CCCCC(CC)COC(=O)c1ccc(-c2sc3csc(C)c3c2Cl)s1']",{[][<]CCCCC(CC)Cc1ccc(-c2c3cc(C)sc3c(-c3ccc(CC(CC)CCCC)s3)c3ccsc23)s1CCCCC(CC)COC(=O)c1ccc(-c2sc3csc(C)c3c2Cl)s1[>][]}
2D-PBTCl2,CCCCC(CC)COC(=O)c1cc(Cl)c(-c2sc3c(-c4cc5c(-c6ccc(CC(CC)CCCC)s6)c6sc(C)cc6c(-c6ccc(CC(CC)CCCC)s6)c5s4)sc(C)c3c2Cl)s1,"['CCCCC(CC)Cc1ccc(-c2c3cc(C)sc3c(-c3ccc(CC(CC)CCCC)s3)c3ccsc23)s1', 'CCCCC(CC)COC(=O)c1cc(Cl)c(-c2sc3csc(C)c3c2Cl)s1']",{[][<]CCCCC(CC)Cc1ccc(-c2c3cc(C)sc3c(-c3ccc(CC(CC)CCCC)s3)c3ccsc23)s1CCCCC(CC)COC(=O)c1cc(Cl)c(-c2sc3csc(C)c3c2Cl)s1[>][]}
PBClT,CCCCC(CC)COC(=O)c1sc2c(-c3cc4c(-c5cc(Cl)c(CC(CC)CCCC)s5)c5sc(C)cc5c(-c5cc(Cl)c(CC(CC)CCCC)s5)c4s3)sc(C)c2c1F,"['CCCCC(CC)Cc1sc(-c2c3cc(C)sc3c(-c3cc(Cl)c(CC(CC)CCCC)s3)c3ccsc23)cc1Cl', 'CCCCC(CC)COC(=O)c1sc2csc(C)c2c1F']",{[][<]CCCCC(CC)Cc1sc(-c2c3cc(C)sc3c(-c3cc(Cl)c(CC(CC)CCCC)s3)c3ccsc23)cc1ClCCCCC(CC)COC(=O)c1sc2csc(C)c2c1F[>][]}
PBDB-O,CCCCC(CC)COc1c2cc(-c3ccc(-c4sc(-c5ccc(C)s5)c5c4C(=O)c4c(CC(CC)CCCC)sc(CC(CC)CCCC)c4C5=O)s3)sc2c(OCC(CC)CCCC)c2cc(C)sc12,"['CCCCC(CC)COc1c2cc(C)sc2c(OCC(CC)CCCC)c2ccsc12', 'c1ccsc1', 'CCCCC(CC)Cc1sc(CC(CC)CCCC)c2c1C(=O)c1cscc1C2=O', 'Cc1cccs1']",{[][<]CCCCC(CC)COc1c2cc(C)sc2c(OCC(CC)CCCC)c2ccsc12[>][<]}{[>][<]c1ccsc1[>][<]}{[>][<]CCCCC(CC)Cc1sc(CC(CC)CCCC)c2c1C(=O)c1cscc1C2=OCc1cccs1[>][]}
PBO,CCCCCCCCCCCCSOc1c(OSCCCCCCCCCCCC)c(-c2ccc(-c3cc4c(-c5ccc(SCC(CC)CCCC)cc5)c5sc(C)cc5c(-c5ccc(SCC(CC)CCCC)cc5)c4s3)s2)c2nonc2c1-c1ccc(C)s1,"['CCCCC(CC)CSc1ccc(-c2c3cc(C)sc3c(-c3ccc(SCC(CC)CCCC)cc3)c3ccsc23)cc1', 'c1ccsc1', 'CCCCCCCCCCCCSOc1cc2nonc2cc1OSCCCCCCCCCCCC', 'Cc1cccs1']",{[][<]CCCCC(CC)CSc1ccc(-c2c3cc(C)sc3c(-c3ccc(SCC(CC)CCCC)cc3)c3ccsc23)cc1[>][<]}{[>][<]c1ccsc1[>][<]}{[>][<]CCCCCCCCCCCCSOc1cc2nonc2cc1OSCCCCCCCCCCCCCc1cccs1[>][]}
PFBZ,CCCCCCCCC(CCCCCC)Cn1nc2c(-c3ccc(C)s3)c(F)c(F)c(-c3ccc(-c4cc5c(-c6cc(F)c(CC(CC)CCCC)s6)c6sc(C)cc6c(-c6cc(F)c(CC(CC)CCCC)s6)c5s4)s3)c2n1,"['CCCCC(CC)Cc1sc(-c2c3cc(C)sc3c(-c3cc(F)c(CC(CC)CCCC)s3)c3ccsc23)cc1F', 'c1ccsc1', 'CCCCCCCCC(CCCCCC)Cn1nc2cc(F)c(F)cc2n1', 'Cc1cccs1']",{[][<]CCCCC(CC)Cc1sc(-c2c3cc(C)sc3c(-c3cc(F)c(CC(CC)CCCC)s3)c3ccsc23)cc1F[>][<]}{[>][<]c1ccsc1[>][<]}{[>][<]CCCCCCCCC(CCCCCC)Cn1nc2cc(F)c(F)cc2n1Cc1cccs1[>][]}
HTAZ,CCCCCCC(CS)CCCCc1c2cc(C)sc2c(SCC(CCCC)CCCCCC)c2cc(-c3ccc(-c4ccc(-c5ccc(C)s5)c5nn(SCC(CCCC)CCCCCC)nc45)s3)sc12,"['CCCCCCC(CS)CCCCc1c2cc(C)sc2c(SCC(CCCC)CCCCCC)c2ccsc12', 'c1ccsc1', 'CCCCCCC(CCCC)CSn1nc2ccccc2n1', 'Cc1cccs1']",{[][<]CCCCCCC(CS)CCCCc1c2cc(C)sc2c(SCC(CCCC)CCCCCC)c2ccsc12[>][<]}{[>][<]c1ccsc1[>][<]}{[>][<]CCCCCCC(CCCC)CSn1nc2ccccc2n1Cc1cccs1[>][]}
TBF-BDD,CCCCC(CC)COc1ccc(-c2c3cc(-c4ccc(-c5sc(-c6ccc(C)s6)c6c5C(=O)c5c(CC(CC)CCCC)sc(CC(CC)CCCC)c5C6=O)s4)sc3c(-c3ccc(OCC(CC)CCCC)cc3)c3cc(C)oc23)cc1,"['CCCCC(CC)COc1ccc(-c2c3ccsc3c(-c3ccc(OCC(CC)CCCC)cc3)c3cc(C)oc23)cc1', 'c1ccsc1', 'CCCCC(CC)Cc1sc(CC(CC)CCCC)c2c1C(=O)c1cscc1C2=O', 'Cc1cccs1']",{[][<]CCCCC(CC)COc1ccc(-c2c3ccsc3c(-c3ccc(OCC(CC)CCCC)cc3)c3cc(C)oc23)cc1[>][<]}{[>][<]c1ccsc1[>][<]}{[>][<]CCCCC(CC)Cc1sc(CC(CC)CCCC)c2c1C(=O)c1cscc1C2=OCc1cccs1[>][]}
TBF-BT,CCCCCCCCOc1c(OCCCCCCCC)c(-c2ccc(-c3cc4c(-c5ccc(OCC(CC)CCCC)cc5)c5oc(C)cc5c(-c5ccc(OCC(CC)CCCC)cc5)c4s3)s2)c2nsnc2c1-c1ccc(C)s1,"['CCCCC(CC)COc1ccc(-c2c3ccsc3c(-c3ccc(OCC(CC)CCCC)cc3)c3cc(C)oc23)cc1', 'c1ccsc1', 'CCCCCCCCOc1cc2nsnc2cc1OCCCCCCCC', 'Cc1cccs1']",{[][<]CCCCC(CC)COc1ccc(-c2c3ccsc3c(-c3ccc(OCC(CC)CCCC)cc3)c3cc(C)oc23)cc1[>][<]}{[>][<]c1ccsc1[>][<]}{[>][<]CCCCCCCCOc1cc2nsnc2cc1OCCCCCCCCCc1cccs1[>][]}
PTFBDT,CCCCCCCCCCCCSOc1c(OSCCCCCCCCCCCC)c(-c2ccc(-c3cc4c(-c5cc(F)c(CCC(CC)CCCC)c(F)c5)c5sc(C)cc5c(-c5cc(F)c(CCC(CC)CCCC)c(F)c5)c4s3)s2)c2nsnc2c1-c1ccc(C)s1,"['CCCCC(CC)CCc1c(F)cc(-c2c3cc(C)sc3c(-c3cc(F)c(CCC(CC)CCCC)c(F)c3)c3ccsc23)cc1F', 'c1ccsc1', 'CCCCCCCCCCCCSOc1cc2nsnc2cc1OSCCCCCCCCCCCC', 'Cc1cccs1']",{[][<]CCCCC(CC)CCc1c(F)cc(-c2c3cc(C)sc3c(-c3cc(F)c(CCC(CC)CCCC)c(F)c3)c3ccsc23)cc1F[>][<]}{[>][<]c1ccsc1[>][<]}{[>][<]CCCCCCCCCCCCSOc1cc2nsnc2cc1OSCCCCCCCCCCCCCc1cccs1[>][]}
PBT,CCCCCCCCCCCCSOc1c(OSCCCCCCCCCCCC)c(-c2ccc(-c3cc4c(-c5ccc(SCC(CC)CCCC)cc5)c5sc(C)cc5c(-c5ccc(SCC(CC)CCCC)cc5)c4s3)s2)c2nsnc2c1-c1ccc(C)s1,"['CCCCC(CC)CSc1ccc(-c2c3cc(C)sc3c(-c3ccc(SCC(CC)CCCC)cc3)c3ccsc23)cc1', 'c1ccsc1', 'CCCCCCCCCCCCSOc1cc2nsnc2cc1OSCCCCCCCCCCCC', 'Cc1cccs1']",{[][<]CCCCC(CC)CSc1ccc(-c2c3cc(C)sc3c(-c3ccc(SCC(CC)CCCC)cc3)c3ccsc23)cc1[>][<]}{[>][<]c1ccsc1[>][<]}{[>][<]CCCCCCCCCCCCSOc1cc2nsnc2cc1OSCCCCCCCCCCCCCc1cccs1[>][]}
PffQx-T,CCCCC(CC)COc1ccc(-c2nc3c(-c4ccc(C)s4)c(F)c(F)c(-c4ccc(-c5cc6c(-c7ccc(CC(CC)CCCC)s7)c7sc(C)cc7c(-c7ccc(CC(CC)CCCC)s7)c6s5)s4)c3nc2-c2ccc(OCC(CC)CCCC)c(F)c2)cc1F,"['CCCCC(CC)Cc1ccc(-c2c3cc(C)sc3c(-c3ccc(CC(CC)CCCC)s3)c3ccsc23)s1', 'c1ccsc1', 'CCCCC(CC)COc1ccc(-c2nc3cc(F)c(F)cc3nc2-c2ccc(OCC(CC)CCCC)c(F)c2)cc1F', 'Cc1cccs1']",{[][<]CCCCC(CC)Cc1ccc(-c2c3cc(C)sc3c(-c3ccc(CC(CC)CCCC)s3)c3ccsc23)s1[>][<]}{[>][<]c1ccsc1[>][<]}{[>][<]CCCCC(CC)COc1ccc(-c2nc3cc(F)c(F)cc3nc2-c2ccc(OCC(CC)CCCC)c(F)c2)cc1FCc1cccs1[>][]}
PffQx-PS,CCCCC(CC)COc1ccc(-c2nc3c(-c4ccc(C)s4)c(F)c(F)c(-c4ccc(-c5cc6c(-c7ccc(SCC(CC)CCCC)cc7)c7sc(C)cc7c(-c7ccc(SCC(CC)CCCC)cc7)c6s5)s4)c3nc2-c2ccc(OCC(CC)CCCC)c(F)c2)cc1F,"['CCCCC(CC)CSc1ccc(-c2c3cc(C)sc3c(-c3ccc(SCC(CC)CCCC)cc3)c3ccsc23)cc1', 'c1ccsc1', 'CCCCC(CC)COc1ccc(-c2nc3cc(F)c(F)cc3nc2-c2ccc(OCC(CC)CCCC)c(F)c2)cc1F', 'Cc1cccs1']",{[][<]CCCCC(CC)CSc1ccc(-c2c3cc(C)sc3c(-c3ccc(SCC(CC)CCCC)cc3)c3ccsc23)cc1[>][<]}{[>][<]c1ccsc1[>][<]}{[>][<]CCCCC(CC)COc1ccc(-c2nc3cc(F)c(F)cc3nc2-c2ccc(OCC(CC)CCCC)c(F)c2)cc1FCc1cccs1[>][]}
PTFBDT-BZS,CCCCCCCCCCCCOc1c(OCCCCCCCCCCCC)c(-c2ccc(-c3cc4c(-c5cc(F)c(CC(CC)CCCC)c(F)c5)c5sc(C)cc5c(-c5cc(F)c(CC(CC)CCCC)c(F)c5)c4s3)s2)c2nsnc2c1-c1ccc(C)s1,"['CCCCC(CC)Cc1c(F)cc(-c2c3cc(C)sc3c(-c3cc(F)c(CC(CC)CCCC)c(F)c3)c3ccsc23)cc1F', 'c1ccsc1', 'CCCCCCCCCCCCOc1cc2nsnc2cc1OCCCCCCCCCCCC', 'Cc1cccs1']",{[][<]CCCCC(CC)Cc1c(F)cc(-c2c3cc(C)sc3c(-c3cc(F)c(CC(CC)CCCC)c(F)c3)c3ccsc23)cc1F[>][<]}{[>][<]c1ccsc1[>][<]}{[>][<]CCCCCCCCCCCCOc1cc2nsnc2cc1OCCCCCCCCCCCCCc1cccs1[>][]}
PBTA-TF,CCCCCCCCCC(CCCCCC)n1nc2c(-c3ccc(C)s3)c(F)c(F)c(-c3ccc(-c4cc5c(-c6cc(F)c(C(CC)CCCCCC)s6)c6sc(C)cc6c(-c6cc(F)c(C(CC)CCCCCC)s6)c5s4)s3)c2n1,"['CCCCCCC(CC)c1sc(-c2c3cc(C)sc3c(-c3cc(F)c(C(CC)CCCCCC)s3)c3ccsc23)cc1F', 'c1ccsc1', 'CCCCCCCCCC(CCCCCC)n1nc2cc(F)c(F)cc2n1', 'Cc1cccs1']",{[][<]CCCCCCC(CC)c1sc(-c2c3cc(C)sc3c(-c3cc(F)c(C(CC)CCCCCC)s3)c3ccsc23)cc1F[>][<]}{[>][<]c1ccsc1[>][<]}{[>][<]CCCCCCCCCC(CCCCCC)n1nc2cc(F)c(F)cc2n1Cc1cccs1[>][]}
P3HT,CCCCCCc1cc(-c2sc(-c3sc(-c4sc(C)cc4CCCCCC)cc3CCCCCC)cc2CCCCCC)sc1C,"['CCCCCCc1ccsc1C', 'CCCCCCc1ccsc1', 'CCCCCCc1ccsc1', 'CCCCCCc1csc(C)c1']",{[][<]CCCCCCc1ccsc1C[>][<]}{[>][<]CCCCCCc1ccsc1[>][<]}{[>][<]CCCCCCc1ccsc1CCCCCCc1csc(C)c1[>][]}
PBDT(2F)T,CCCCC(CC)COc1c2cc(-c3sc(C)c(F)c3F)sc2c(OCC(CC)CCCC)c2cc(C)sc12,"['CCCCC(CC)COc1c2cc(C)sc2c(OCC(CC)CCCC)c2ccsc12', 'Cc1scc(F)c1F']",{[][<]CCCCC(CC)COc1c2cc(C)sc2c(OCC(CC)CCCC)c2ccsc12Cc1scc(F)c1F[>][]}
PBDT(2H)T,CCCCC(CC)COc1c2cc(-c3ccc(C)s3)sc2c(OCC(CC)CCCC)c2cc(C)sc12,"['CCCCC(CC)COc1c2cc(C)sc2c(OCC(CC)CCCC)c2ccsc12', 'Cc1cccs1']",{[][<]CCCCC(CC)COc1c2cc(C)sc2c(OCC(CC)CCCC)c2ccsc12Cc1cccs1[>][]}
PBDT(T)(2F)T,CCCCC(CC)Cc1ccc(-c2c3cc(-c4sc(C)c(F)c4F)sc3c(-c3ccc(CC(CC)CCCC)s3)c3cc(C)sc23)s1,"['CCCCC(CC)Cc1ccc(-c2c3cc(C)sc3c(-c3ccc(CC(CC)CCCC)s3)c3ccsc23)s1', 'Cc1scc(F)c1F']",{[][<]CCCCC(CC)Cc1ccc(-c2c3cc(C)sc3c(-c3ccc(CC(CC)CCCC)s3)c3ccsc23)s1Cc1scc(F)c1F[>][]}
PCE10,CCCCC(CC)COC(=O)c1sc2c(-c3cc4c(-c5ccc(CC(CC)CCCC)s5)c5sc(C)cc5c(-c5ccc(CC(CC)CCCC)s5)c4s3)sc(C)c2c1F,"['CCCCC(CC)COC(=O)c1sc2csc(C)c2c1F', 'CCCCC(CC)Cc1ccc(-c2c3cc(C)sc3c(-c3ccc(CC(CC)CCCC)s3)c3ccsc23)s1']",{[][<]CCCCC(CC)COC(=O)c1sc2csc(C)c2c1FCCCCC(CC)Cc1ccc(-c2c3cc(C)sc3c(-c3ccc(CC(CC)CCCC)s3)c3ccsc23)s1[>][]}
PBDTT-6ttTPD,CCCCCCCCCCC(CCCCCC)N1C(=O)c2c(-c3cc4sc(C)c(CCCCCC)c4s3)sc(-c3cc4sc(-c5cc6c(-c7ccc(C(CC)CCCCCC)s7)c7sc(C)cc7c(-c7ccc(C(CC)CCCCCC)s7)c6s5)c(CCCCCC)c4s3)c2C1=O,"['CCCCCCC(CC)c1ccc(-c2c3cc(C)sc3c(-c3ccc(C(CC)CCCCCC)s3)c3ccsc23)s1', 'CCCCCCc1csc2ccsc12', 'CCCCCCCCCCC(CCCCCC)N1C(=O)c2cscc2C1=O', 'CCCCCCc1c(C)sc2ccsc12']",{[][<]CCCCCCC(CC)c1ccc(-c2c3cc(C)sc3c(-c3ccc(C(CC)CCCCCC)s3)c3ccsc23)s1[>][<]}{[>][<]CCCCCCc1csc2ccsc12[>][<]}{[>][<]CCCCCCCCCCC(CCCCCC)N1C(=O)c2cscc2C1=OCCCCCCc1c(C)sc2ccsc12[>][]}
PBDB-ST,CCCCC(CC)CSc1ccc(-c2c3cc(-c4ccc(-c5sc(-c6ccc(C)s6)c6c5C(=O)c5c(CC(CC)CCCC)sc(CC(CC)CCCC)c5C6=O)s4)sc3c(-c3ccc(SCC(CC)CCCC)s3)c3cc(C)sc23)s1,"['CCCCC(CC)CSc1ccc(-c2c3cc(C)sc3c(-c3ccc(SCC(CC)CCCC)s3)c3ccsc23)s1', 'c1ccsc1', 'CCCCC(CC)Cc1sc(CC(CC)CCCC)c2c1C(=O)c1cscc1C2=O', 'Cc1cccs1']",{[][<]CCCCC(CC)CSc1ccc(-c2c3cc(C)sc3c(-c3ccc(SCC(CC)CCCC)s3)c3ccsc23)s1[>][<]}{[>][<]c1ccsc1[>][<]}{[>][<]CCCCC(CC)Cc1sc(CC(CC)CCCC)c2c1C(=O)c1cscc1C2=OCc1cccs1[>][]}
P2F-Ehp,CCCCCCCCN1C(=O)c2c(c(-c3ccc(-c4cc5c(-c6cc(F)c(CC(CC)CCCC)c(F)c6)c6sc(C)cc6c(-c6cc(F)c(CC(CC)CCCC)c(F)c6)c5s4)s3)c3nn(CCC(CC)CCCC)nc3c2-c2ccc(C)s2)C1=O,"['CCCCC(CC)Cc1c(F)cc(-c2c3cc(C)sc3c(-c3cc(F)c(CC(CC)CCCC)c(F)c3)c3ccsc23)cc1F', 'c1ccsc1', 'CCCCCCCCN1C(=O)c2cc3nn(CCC(CC)CCCC)nc3cc2C1=O', 'Cc1cccs1']",{[][<]CCCCC(CC)Cc1c(F)cc(-c2c3cc(C)sc3c(-c3cc(F)c(CC(CC)CCCC)c(F)c3)c3ccsc23)cc1F[>][<]}{[>][<]c1ccsc1[>][<]}{[>][<]CCCCCCCCN1C(=O)c2cc3nn(CCC(CC)CCCC)nc3cc2C1=OCc1cccs1[>][]}
PCE-10,CCCCC(CC)COC(=O)c1sc2c(-c3cc4c(-c5ccc(CC(CC)CCCC)s5)c5sc(C)cc5c(-c5ccc(CC(CC)CCCC)s5)c4s3)sc(C)c2c1F,"['CCCCC(CC)COC(=O)c1sc2csc(C)c2c1F', 'CCCCC(CC)Cc1ccc(-c2c3cc(C)sc3c(-c3ccc(CC(CC)CCCC)s3)c3ccsc23)s1']",{[][<]CCCCC(CC)COC(=O)c1sc2csc(C)c2c1FCCCCC(CC)Cc1ccc(-c2c3cc(C)sc3c(-c3ccc(CC(CC)CCCC)s3)c3ccsc23)s1[>][]}
PBT1-C-2Cl,CCCCCCC(CCCC)Cc1ccc(-c2c3cc(-c4sc(-c5sc(-c6cc(Cl)c(C)s6)c6c5C(=O)c5c(CC(CC)CCCC)sc(CC(CC)CCCC)c5C6=O)cc4Cl)sc3c(-c3ccc(CC(CCCC)CCCCCC)cc3)c3cc(C)sc23)cc1,"['CCCCCCC(CCCC)Cc1ccc(-c2c3cc(C)sc3c(-c3ccc(CC(CCCC)CCCCCC)cc3)c3ccsc23)cc1', 'Clc1ccsc1', 'CCCCC(CC)Cc1sc(CC(CC)CCCC)c2c1C(=O)c1cscc1C2=O', 'Cc1sccc1Cl']",{[][<]CCCCCCC(CCCC)Cc1ccc(-c2c3cc(C)sc3c(-c3ccc(CC(CCCC)CCCCCC)cc3)c3ccsc23)cc1[>][<]}{[>][<]Clc1ccsc1[>][<]}{[>][<]CCCCC(CC)Cc1sc(CC(CC)CCCC)c2c1C(=O)c1cscc1C2=OCc1sccc1Cl[>][]}
PBDB-T-2F,CCCCC(CC)Cc1sc(-c2c3cc(-c4ccc(-c5sc(-c6ccc(C)s6)c6c5C(=O)c5c(CC(CC)CCCC)sc(CC(CC)CCCC)c5C6=O)s4)sc3c(-c3cc(F)c(CC(CC)CCCC)s3)c3cc(C)sc23)cc1F,"['CCCCC(CC)Cc1sc(-c2c3cc(C)sc3c(-c3cc(F)c(CC(CC)CCCC)s3)c3ccsc23)cc1F', 'c1ccsc1', 'CCCCC(CC)Cc1sc(CC(CC)CCCC)c2c1C(=O)c1cscc1C2=O', 'Cc1cccs1']",{[][<]CCCCC(CC)Cc1sc(-c2c3cc(C)sc3c(-c3cc(F)c(CC(CC)CCCC)s3)c3ccsc23)cc1F[>][<]}{[>][<]c1ccsc1[>][<]}{[>][<]CCCCC(CC)Cc1sc(CC(CC)CCCC)c2c1C(=O)c1cscc1C2=OCc1cccs1[>][]}
PBDB-T-2Cl,CCCCC(CC)Cc1sc(-c2c3cc(-c4ccc(-c5sc(-c6ccc(C)s6)c6c5C(=O)c5c(CC(CC)CCCC)sc(CC(CC)CCCC)c5C6=O)s4)sc3c(-c3cc(Cl)c(CC(CC)CCCC)s3)c3cc(C)sc23)cc1Cl,"['CCCCC(CC)Cc1sc(-c2c3cc(C)sc3c(-c3cc(Cl)c(CC(CC)CCCC)s3)c3ccsc23)cc1Cl', 'c1ccsc1', 'CCCCC(CC)Cc1sc(CC(CC)CCCC)c2c1C(=O)c1cscc1C2=O', 'Cc1cccs1']",{[][<]CCCCC(CC)Cc1sc(-c2c3cc(C)sc3c(-c3cc(Cl)c(CC(CC)CCCC)s3)c3ccsc23)cc1Cl[>][<]}{[>][<]c1ccsc1[>][<]}{[>][<]CCCCC(CC)Cc1sc(CC(CC)CCCC)c2c1C(=O)c1cscc1C2=OCc1cccs1[>][]}
P2,CCCCCCCCCCOC(=O)c1cc(C)sc1-c1ccc(-c2sc(-c3cc4c(-c5cc(F)c(SCC(CC)CCCC)s5)c5sc(C)cc5c(-c5cc(F)c(CCCC(CC)CCCC)s5)c4s3)cc2C(=O)OCCCCCCCCCC)s1,"['CCCCC(CC)CCCc1sc(-c2c3cc(C)sc3c(-c3cc(F)c(SCC(CC)CCCC)s3)c3ccsc23)cc1F', 'CCCCCCCCCCOC(=O)c1ccsc1', 'c1ccsc1', 'CCCCCCCCCCOC(=O)c1csc(C)c1']",{[][<]CCCCC(CC)CCCc1sc(-c2c3cc(C)sc3c(-c3cc(F)c(SCC(CC)CCCC)s3)c3ccsc23)cc1F[>][<]}{[>][<]CCCCCCCCCCOC(=O)c1ccsc1[>][<]}{[>][<]c1ccsc1CCCCCCCCCCOC(=O)c1csc(C)c1[>][]}
P3,CCCCC(CC)CSc1sc(-c2c3cc(-c4cc(C(=O)OCCC(C)CCCC(C)C)c(-c5ccc(-c6sc(C)cc6C(=O)OCCC(C)CCCC(C)C)s5)s4)sc3c(-c3cc(F)c(SCC(CC)CCCC)s3)c3cc(C)sc23)cc1F,"['CCCCC(CC)CSc1sc(-c2c3cc(C)sc3c(-c3cc(F)c(SCC(CC)CCCC)s3)c3ccsc23)cc1F', 'CC(C)CCCC(C)CCOC(=O)c1ccsc1', 'c1ccsc1', 'Cc1cc(C(=O)OCCC(C)CCCC(C)C)cs1']",{[][<]CCCCC(CC)CSc1sc(-c2c3cc(C)sc3c(-c3cc(F)c(SCC(CC)CCCC)s3)c3ccsc23)cc1F[>][<]}{[>][<]CC(C)CCCC(C)CCOC(=O)c1ccsc1[>][<]}{[>][<]c1ccsc1Cc1cc(C(=O)OCCC(C)CCCC(C)C)cs1[>][]}
PM6,CCCCC(CC)Cc1sc(-c2c3cc(-c4ccc(-c5sc(-c6ccc(C)s6)c6c5C(=O)c5c(CC(CC)CCCC)sc(CC(CC)CCCC)c5C6=O)s4)sc3c(-c3cc(F)c(CC(CC)CCCC)s3)c3cc(C)sc23)cc1F,"['CCCCC(CC)Cc1sc(-c2c3cc(C)sc3c(-c3cc(F)c(CC(CC)CCCC)s3)c3ccsc23)cc1F', 'c1ccsc1', 'CCCCC(CC)Cc1sc(CC(CC)CCCC)c2c1C(=O)c1cscc1C2=O', 'Cc1cccs1']",{[][<]CCCCC(CC)Cc1sc(-c2c3cc(C)sc3c(-c3cc(F)c(CC(CC)CCCC)s3)c3ccsc23)cc1F[>][<]}{[>][<]c1ccsc1[>][<]}{[>][<]CCCCC(CC)Cc1sc(CC(CC)CCCC)c2c1C(=O)c1cscc1C2=OCc1cccs1[>][]}
PFBDB-T,CCCCCCC(CC)c1ccc(-c2c3cc(-c4sc(-c5sc(-c6cc(F)c(C)s6)c6c5C(=O)c5c(C(CC)CCCCCC)sc(C(CC)CCCCCC)c5C6=O)cc4F)sc3c(-c3ccc(C(CC)CCCCCC)s3)c3cc(C)sc23)s1,"['CCCCCCC(CC)c1ccc(-c2c3cc(C)sc3c(-c3ccc(C(CC)CCCCCC)s3)c3ccsc23)s1', 'Fc1ccsc1', 'CCCCCCC(CC)c1sc(C(CC)CCCCCC)c2c1C(=O)c1cscc1C2=O', 'Cc1sccc1F']",{[][<]CCCCCCC(CC)c1ccc(-c2c3cc(C)sc3c(-c3ccc(C(CC)CCCCCC)s3)c3ccsc23)s1[>][<]}{[>][<]Fc1ccsc1[>][<]}{[>][<]CCCCCCC(CC)c1sc(C(CC)CCCCCC)c2c1C(=O)c1cscc1C2=OCc1sccc1F[>][]}
PBDS-T,CCCCC(CC)CC1SC(CC(CC)CCCC)C2C(=O)c3c(C4CCC(c5cc6c(-c7ccc([Si](CCC)(CCC)CCC)s7)c7sc(C)cc7c(-c7ccc([Si](CCC)(CCC)CCC)s7)c6s5)S4)sc(-c4ccc(C)s4)c3C(=O)C12,"['CCC[Si](CCC)(CCC)c1ccc(-c2c3cc(C)sc3c(-c3ccc([Si](CCC)(CCC)CCC)s3)c3ccsc23)s1', 'C1CCSC1', 'CCCCC(CC)CC1SC(CC(CC)CCCC)C2C(=O)c3cscc3C(=O)C12', 'Cc1cccs1']",{[][<]CCC[Si](CCC)(CCC)c1ccc(-c2c3cc(C)sc3c(-c3ccc([Si](CCC)(CCC)CCC)s3)c3ccsc23)s1[>][<]}{[>][<]C1CCSC1[>][<]}{[>][<]CCCCC(CC)CC1SC(CC(CC)CCCC)C2C(=O)c3cscc3C(=O)C12Cc1cccs1[>][]}
2TC-TT-BDTFT,CCCCCCC(CCCC)COC(=O)c1cc(C)sc1-c1cc2sc(-c3sc(-c4cc5c(-c6cc(F)c(CC(CC)CCCC)s6)c6sc(C)cc6c(-c6cc(F)c(CC(CC)CCCC)s6)c5s4)cc3C(=O)OCC(CCCC)CCCCCC)cc2s1,"['CCCCC(CC)Cc1sc(-c2c3cc(C)sc3c(-c3cc(F)c(CC(CC)CCCC)s3)c3ccsc23)cc1F', 'CCCCCCC(CCCC)COC(=O)c1ccsc1', 'c1cc2sccc2s1', 'CCCCCCC(CCCC)COC(=O)c1csc(C)c1']",{[][<]CCCCC(CC)Cc1sc(-c2c3cc(C)sc3c(-c3cc(F)c(CC(CC)CCCC)s3)c3ccsc23)cc1F[>][<]}{[>][<]CCCCCCC(CCCC)COC(=O)c1ccsc1[>][<]}{[>][<]c1cc2sccc2s1CCCCCCC(CCCC)COC(=O)c1csc(C)c1[>][]}
PBT1-C-MW,CCCCCCC(CCCC)Cc1ccc(Cc2c3cc(-c4ccc(-c5sc(-c6ccc(C)s6)c6c5C(=O)c5c(CC(CC)CCCC)sc(CC(CC)CCCC)c5C6=O)s4)sc3c(Cc3ccc(CC(CCCC)CCCCCC)cc3)c3cc(C)sc23)cc1,"['CCCCCCC(CCCC)Cc1ccc(Cc2c3cc(C)sc3c(Cc3ccc(CC(CCCC)CCCCCC)cc3)c3ccsc23)cc1', 'c1ccsc1', 'CCCCC(CC)Cc1sc(CC(CC)CCCC)c2c1C(=O)c1cscc1C2=O', 'Cc1cccs1']",{[][<]CCCCCCC(CCCC)Cc1ccc(Cc2c3cc(C)sc3c(Cc3ccc(CC(CCCC)CCCCCC)cc3)c3ccsc23)cc1[>][<]}{[>][<]c1ccsc1[>][<]}{[>][<]CCCCC(CC)Cc1sc(CC(CC)CCCC)c2c1C(=O)c1cscc1C2=OCc1cccs1[>][]}
PBDB-T2Cl,CCCCC(CC)Cc1sc(-c2c3cc(-c4ccc(-c5sc(-c6ccc(C)s6)c6c5C(=O)c5c(CC(CC)CCCC)sc(CC(CC)CCCC)c5C6=O)s4)sc3c(-c3cc(Cl)c(CC(CC)CCCC)s3)c3cc(C)sc23)cc1Cl,"['CCCCC(CC)Cc1sc(-c2c3cc(C)sc3c(-c3cc(Cl)c(CC(CC)CCCC)s3)c3ccsc23)cc1Cl', 'c1ccsc1', 'CCCCC(CC)Cc1sc(CC(CC)CCCC)c2c1C(=O)c1cscc1C2=O', 'Cc1cccs1']",{[][<]CCCCC(CC)Cc1sc(-c2c3cc(C)sc3c(-c3cc(Cl)c(CC(CC)CCCC)s3)c3ccsc23)cc1Cl[>][<]}{[>][<]c1ccsc1[>][<]}{[>][<]CCCCC(CC)Cc1sc(CC(CC)CCCC)c2c1C(=O)c1cscc1C2=OCc1cccs1[>][]}
PBDTS-Se-TAZ,CCCCCCCCC(CCCCCC)CSc1ccc(-c2c3cc(-c4ccc(-c5c(F)c(F)c(-c6ccc(C)s6)c6nn(CCCCCCCC)nc56)s4)sc3c(-c3ccc(SCC(CCCCCC)CCCCCCCC)[se]3)c3cc(C)sc23)[se]1,"['CCCCCCCCC(CCCCCC)CSc1ccc(-c2c3cc(C)sc3c(-c3ccc(SCC(CCCCCC)CCCCCCCC)[se]3)c3ccsc23)[se]1', 'c1ccsc1', 'CCCCCCCCn1nc2cc(F)c(F)cc2n1', 'Cc1cccs1']",{[][<]CCCCCCCCC(CCCCCC)CSc1ccc(-c2c3cc(C)sc3c(-c3ccc(SCC(CCCCCC)CCCCCCCC)[se]3)c3ccsc23)[se]1[>][<]}{[>][<]c1ccsc1[>][<]}{[>][<]CCCCCCCCn1nc2cc(F)c(F)cc2n1Cc1cccs1[>][]}
PBDTS-TzBI,CCCCCCCCCN1C(=O)c2c(c(-c3ccc(-c4cc5c(-c6ccc(SCC(CC)CCCC)s6)c6sc(C)cc6c(-c6ccc(SCC(CC)CCCC)s6)c5s4)s3)c3nn(CCCCCCCC)nc3c2-c2ccc(C)s2)C1=O,"['CCCCC(CC)CSc1ccc(-c2c3cc(C)sc3c(-c3ccc(SCC(CC)CCCC)s3)c3ccsc23)s1', 'c1ccsc1', 'CCCCCCCCCN1C(=O)c2cc3nn(CCCCCCCC)nc3cc2C1=O', 'Cc1cccs1']",{[][<]CCCCC(CC)CSc1ccc(-c2c3cc(C)sc3c(-c3ccc(SCC(CC)CCCC)s3)c3ccsc23)s1[>][<]}{[>][<]c1ccsc1[>][<]}{[>][<]CCCCCCCCCN1C(=O)c2cc3nn(CCCCCCCC)nc3cc2C1=OCc1cccs1[>][]}
PBFTT,CCCCCCCCOC(=O)c1sc2c(-c3cc4c(-c5cc(F)c(CC(CC)CCCC)s5)c5sc(C)cc5c(-c5cc(F)c(CC(CC)CCCC)s5)c4s3)sc(C)c2c1F,"['CCCCC(CC)Cc1sc(-c2c3cc(C)sc3c(-c3cc(F)c(CC(CC)CCCC)s3)c3ccsc23)cc1F', 'CCCCCCCCOC(=O)c1sc2csc(C)c2c1F']",{[][<]CCCCC(CC)Cc1sc(-c2c3cc(C)sc3c(-c3cc(F)c(CC(CC)CCCC)s3)c3ccsc23)cc1FCCCCCCCCOC(=O)c1sc2csc(C)c2c1F[>][]}
J101,CCCCCCCCC(CCCCCC)Cn1nc2c(-c3ccc(C)s3)c(Cl)c(Cl)c(-c3ccc(-c4cc5c(-c6ccc([Si](CCC)(CCC)CCC)s6)c6sc(C)cc6c(C6=CCC([Si](CCC)(CCC)CCC)S6)c5s4)s3)c2n1,"['CCC[Si](CCC)(CCC)c1ccc(-c2c3ccsc3c(C3=CCC([Si](CCC)(CCC)CCC)S3)c3cc(C)sc23)s1', 'c1ccsc1', 'CCCCCCCCC(CCCCCC)Cn1nc2cc(Cl)c(Cl)cc2n1', 'Cc1cccs1']",{[][<]CCC[Si](CCC)(CCC)c1ccc(-c2c3ccsc3c(C3=CCC([Si](CCC)(CCC)CCC)S3)c3cc(C)sc23)s1[>][<]}{[>][<]c1ccsc1[>][<]}{[>][<]CCCCCCCCC(CCCCCC)Cn1nc2cc(Cl)c(Cl)cc2n1Cc1cccs1[>][]}
