,SMILES
0,[R14]c1ccc(C2(c3ccc([R14])cc3)c3cc(/C=C4\C(=O)c5cc(F)c(F)cc5C4=C(C#N)C#N)sc3-c3sc4c(c([R14])cc5c4cc([R14])c4c6c(sc45)-c4sc(/C=C5\C(=O)c7cc(F)c(F)cc7C5=C(C#N)C#N)cc4C6(c4ccc([R14])cc4)c4ccc([R14])cc4)c32)cc1
1,[R14]c1ccc(C2(c3ccc([R14])cc3)c3cc4c(cc3-c3sc5cc(/C=C6\C(=O)c7cc(F)c(F)cc7C6=C(C#N)C#N)sc5c32)C(c2ccc([R14])cc2)(c2ccc([R14])cc2)c2c-4sc3cc(/C=C4\C(=O)c5cc(F)c(F)cc5C4=C(C#N)C#N)sc23)cc1
2,[R4]c1cc(/C=C2\C(=O)c3ccccc3C2=C(C#N)C#N)sc1-c1cc2c(s1)-c1cc3c(cc1C2(c1ccc([R14])cc1)c1ccc([R14])cc1)-c1sc(-c2sc(/C=C4\C(=O)c5ccccc5C4=C(C#N)C#N)cc2[R4])cc1C3(c1ccc([R14])cc1)c1ccc([R14])cc1
3,[R1]n1c2cc3c4c(ccc5c6ccc7c8c(cc1c(c86)c2c45)-c1sc(/C=C2\C(=O)c4cc(F)c(F)cc4C2=C(C#N)C#N)cc1C7(c1ccc([R14])cc1)c1ccc([R14])cc1)C(c1ccc([R14])cc1)(c1ccc([R14])cc1)c1cc(/C=C2\C(=O)c4cc(F)c(F)cc4C2=C(C#N)C#N)sc1-3
4,[R2]C1([R2])c2cc(-c3ccc(/C=C4\C(=O)c5ccccc5C4=C(C#N)C#N)s3)ccc2-c2ccc(-c3ccc(/C=C4\C(=O)c5ccccc5C4=C(C#N)C#N)s3)cc21
5,[R14]c1ccc(C2(c3ccc([R14])cc3)c3cc4c(cc3-c3sc(-c5ccc(/C=C6\C(=O)c7ccccc7C6=C(C#N)C#N)[se]5)cc32)C(c2ccc([R14])cc2)(c2ccc([R14])cc2)c2cc(-c3ccc(/C=C5\C(=O)c6ccccc6C5=C(C#N)C#N)[se]3)sc2-4)cc1
6,[R4]C1([R4])c2cc(/C=C3\C(=O)c4cc(F)c(F)cc4C3=C(C#N)C#N)sc2-c2sc(-c3c(F)c(OC)c(-c4cc5c(s4)-c4sc(/C=C6\C(=O)c7cc(F)c(F)cc7C6=C(C#N)C#N)cc4C5([R4])[R4])c(F)c3OC)cc21
7,[R4]C1([R4])c2cc(/C=C3\C(=O)c4cc(F)c(F)cc4C3=C(C#N)C#N)sc2-c2sc(-c3c(F)c(F)c(-c4cc5c(s4)-c4sc(/C=C6\C(=O)c7cc(F)c(F)cc7C6=C(C#N)C#N)cc4C5([R4])[R4])c(F)c3F)cc21
8,[R14]c1ccc(C2(c3ccc([R14])cc3)c3cc4c(cc3-c3sc(-c5sc(/C=C6\C(=O)c7ccccc7C6=C(C#N)C#N)cc5C(=O)OC)cc32)C(c2ccc([R14])cc2)(c2ccc([R14])cc2)c2cc(-c3sc(/C=C5\C(=O)c6ccccc6C5=C(C#N)C#N)cc3C(=O)OC)sc2-4)cc1
9,[R14]c1ccc(C2(c3ccc([R14])cc3)c3cc4c(cc3-c3sc(-c5ccc(/C=C6\C(=O)c7ccccc7C6=C(C#N)C#N)s5)cc32)C(c2ccc([R14])cc2)(c2ccc([R14])cc2)c2cc(-c3ccc(/C=C5\C(=O)c6ccccc6C5=C(C#N)C#N)s3)sc2-4)cc1
10,[R14]c1ccc([Si]2(c3ccc([R14])cc3)c3cc4c(cc3-c3sc(/C=C5\C(=O)c6ccccc6C5=C(C#N)C#N)cc32)[Si](c2ccc([R14])cc2)(c2ccc([R14])cc2)c2cc(/C=C3\C(=O)c5ccccc5C3=C(C#N)C#N)sc2-4)cc1
11,[R14]C1([R14])c2cc3c(cc2-c2sc(-c4ccc(/C=C5\SC(=S)N(CC)C5=O)c5nonc45)cc21)C([R14])([R14])c1cc(-c2ccc(/C=C4\SC(=S)N(CC)C4=O)c4nonc24)sc1-3
12,[R14]C1([R14])c2cc3c(cc2-c2sc(-c4ccc(/C=C5\SC(=S)N(CC)C5=O)c5n[se]nc45)cc21)C([R14])([R14])c1cc(-c2ccc(/C=C4\SC(=S)N(CC)C4=O)c4n[se]nc24)sc1-3
13,[R14]c1ccc(C2(c3ccc([R14])cc3)c3cc(/C=C4\C(=O)c5ccccc5C4=C(C#N)C#N)sc3-c3sc4c5c(sc4c32)-c2sc(/C=C3\C(=O)c4ccccc4C3=C(C#N)C#N)cc2C5(c2ccc([R14])cc2)c2ccc([R14])cc2)cc1
14,[R14]c1ccc(C2(c3ccc([R14])cc3)c3cc(/C=C4\C(=O)c5ccc(C)cc5C4=C(C#N)C#N)sc3-c3sc4c5c(sc4c32)-c2sc(/C=C3\C(=O)c4ccc(C)cc4C3=C(C#N)C#N)cc2C5(c2ccc([R14])cc2)c2ccc([R14])cc2)cc1
15,[R14]c1ccc(C2(c3ccc([R14])cc3)c3cc4c(cc3-c3sc(-c5ccc(/C=C6\C(=O)c7cc(F)c(F)cc7C6=C(C#N)C#N)s5)cc32)C(c2ccc([R14])cc2)(c2ccc([R14])cc2)c2cc(-c3ccc(/C=C5\C(=O)c6cc(F)c(F)cc6C5=C(C#N)C#N)s3)sc2-4)cc1
16,[R14]Oc1c(-c2ccc(/C=C3\C(=O)c4cc(F)c(F)cc4C3=C(C#N)C#N)s2)sc2c1C(c1ccc([R14])cc1)(c1ccc([R14])cc1)c1cc3c(cc1-2)C(c1ccc([R14])cc1)(c1ccc([R14])cc1)c1c-3sc(-c2ccc(/C=C3\C(=O)c4cc(F)c(F)cc4C3=C(C#N)C#N)s2)c1O[R14]
17,[R14]c1ccc(C2(c3ccc([R14])cc3)c3cc4c(cc3-c3sc5cc(/C=C6\C(=O)c7cscc7C6=C(C#N)C#N)sc5c32)C(c2ccc([R14])cc2)(c2ccc([R14])cc2)c2c-4sc3cc(/C=C4\C(=O)c5cscc5C4=C(C#N)C#N)sc23)cc1
18,[R14]c1ccc(C2(c3ccc([R14])cc3)c3cc4c(cc3-c3sc(-c5ccc(/C=c6\sc(=C(C#N)C#N)n(CC)c6=O)c6nsnc56)cc32)C(c2ccc([R14])cc2)(c2ccc([R14])cc2)c2cc(-c3ccc(/C=c5\sc(=C(C#N)C#N)n(CC)c5=O)c5nsnc35)sc2-4)cc1
19,[R14]c1ccc(C2(c3ccc([R14])cc3)c3cc4c(cc3-c3sc(-c5ccc(/C=C(\C#N)C(=O)OCC)c6nsnc56)cc32)C(c2ccc([R14])cc2)(c2ccc([R14])cc2)c2cc(-c3ccc(/C=C(\C#N)C(=O)OCC)c5nsnc35)sc2-4)cc1
20,[R14]Oc1c(-c2ccc(/C=C3\C(=O)c4cc(F)c(F)cc4C3=C(C#N)C#N)s2)sc2c1C(c1ccc([R14])cc1)(c1ccc([R14])cc1)c1cc3c(cc1-2)C(c1ccc([R14])cc1)(c1ccc([R14])cc1)c1c-3sc(-c2ccc(/C=C3\C(=O)c4cc(F)c(F)cc4C3=C(C#N)C#N)s2)c1O[R14]
21,[R14]Oc1c(-c2ccc(/C=C3\C(=O)c4cc(F)c(F)cc4C3=C(C#N)C#N)[se]2)sc2c1C(c1ccc([R14])cc1)(c1ccc([R14])cc1)c1cc3c(cc1-2)C(c1ccc([R14])cc1)(c1ccc([R14])cc1)c1c-3sc(-c2ccc(/C=C3\C(=O)c4cc(F)c(F)cc4C3=C(C#N)C#N)[se]2)c1O[R14]
22,[R14]Oc1c(-c2cc3sc(/C=C4\C(=O)c5cc(F)c(F)cc5C4=C(C#N)C#N)cc3s2)sc2c1C(c1ccc([R14])cc1)(c1ccc([R14])cc1)c1cc3c(cc1-2)C(c1ccc([R14])cc1)(c1ccc([R14])cc1)c1c-3sc(-c2cc3sc(/C=C4\C(=O)c5cc(F)c(F)cc5C4=C(C#N)C#N)cc3s2)c1O[R14]
23,[R14]c1ccc(C2(c3ccc([R14])cc3)c3cc4c(cc3-c3sc(-c5ccc(/C=C6\C(=O)c7cc(F)c(F)cc7C6=C(C#N)C#N)[se]5)cc32)C(c2ccc([R14])cc2)(c2ccc([R14])cc2)c2cc(-c3ccc(/C=C5\C(=O)c6cc(F)c(F)cc6C5=C(C#N)C#N)[se]3)sc2-4)cc1
24,[R4]C1([R4])c2cc(/C=C3\C(=O)c4cc(F)c(F)cc4C3=C(C#N)C#N)sc2-c2sc(-c3cc(F)c(-c4cc5c(s4)-c4sc(/C=C6\C(=O)c7cc(F)c(F)cc7C6=C(C#N)C#N)cc4C5([R4])[R4])cc3F)cc21
25,[R4]c1cc(/C=C2\C(=O)c3cc4ccccc4cc3C2=C(C#N)C#N)sc1-c1cc2c(s1)-c1cc3c(cc1C2([R14])[R14])-c1sc(-c2sc(/C=C4\C(=O)c5cc6ccccc6cc5C4=C(C#N)C#N)cc2[R4])cc1C3([R14])[R14]
26,[R4]c1cc(/C=C2\C(=O)c3cc4ccccc4cc3C2=C(C#N)C#N)sc1-c1ccc2c(c1)C([R14])([R14])c1cc3c(cc1-2)C([R14])([R14])c1cc(-c2sc(/C=C4\C(=O)c5cc6ccccc6cc5C4=C(C#N)C#N)cc2[R4])ccc1-3
27,[R14]c1ccc(C2(c3ccc([R14])cc3)c3cc4c(cc3-c3sc5cc(/C=C6\C(=O)c7cc(Cl)c(Cl)cc7C6=C(C#N)C#N)sc5c32)C(c2ccc([R14])cc2)(c2ccc([R14])cc2)c2c-4sc3cc(/C=C4\C(=O)c5cc(Cl)c(Cl)cc5C4=C(C#N)C#N)sc23)cc1
28,*c1ccc(C2(c3ccc(*)cc3)c3cc(C=C4C(=O)c5cc(C)ccc5C4=C(C#N)C#N)sc3-c3sc4cc5c6c(sc5cc4c32)-c2sc(C=C3C(=O)c4cc(C)ccc4C3=C(C#N)C#N)cc2C6(c2ccc(*)cc2)c2ccc(*)cc2)cc1
29,*c1ccc(C2(c3ccc(*)cc3)c3cc(C=C4C(=O)c5cc(F)ccc5C4=C(C#N)C#N)sc3-c3sc4cc5c6c(sc5cc4c32)-c2sc(C=C3C(=O)c4cc(F)ccc4C3=C(C#N)C#N)cc2C6(c2ccc(*)cc2)c2ccc(*)cc2)cc1
30,[R14]c1ccc(C2(c3ccc([R14])cc3)c3cc(/C=C4\C(=O)c5ccccc5C4=C(C#N)C#N)sc3-c3sc4cc5c6c(sc5cc4c32)-c2sc(/C=C3\C(=O)c4ccccc4C3=C(C#N)C#N)cc2C6(c2ccc([R14])cc2)c2ccc([R14])cc2)cc1
31,[R14]C([R14])n1c2cc(/C=C3\C(=O)c4ccccc4C3=C(C#N)C#N)sc2c2sc3c(sc4c5sc(/C=C6\C(=O)c7ccccc7C6=C(C#N)C#N)cc5n(C([R14])[R14])c43)c21
32,[R14]C([R14])n1c2cc(/C=C3\C(=O)c4cc(F)c(F)cc4C3=C(C#N)C#N)sc2c2sc3c(sc4c5sc(/C=C6\C(=O)c7cc(F)c(F)cc7C6=C(C#N)C#N)cc5n(C([R14])[R14])c43)c21
33,[R14]c1ccc(C2(c3ccc([R14])cc3)c3cc4c(cc3-c3sc(C=C5C(=O)N(CC)C(=S)N(CC)C5=O)cc32)C(c2ccc([R14])cc2)(c2ccc([R14])cc2)c2cc(C=C3C(=O)N(CC)C(=S)N(CC)C3=O)sc2-4)cc1
34,[R14]c1ccc(C2(c3ccc([R14])cc3)c3cc4c(cc3-c3sc5cc(C=C6C(=O)N(CC)C(=S)N(CC)C6=O)sc5c32)C(c2ccc([R14])cc2)(c2ccc([R14])cc2)c2c-4sc3cc(C=C4C(=O)N(CC)C(=S)N(CC)C4=O)sc23)cc1
35,[R7]Oc1ccc(C2(c3ccc(O[R7])cc3)c3cc(/C=C4\C(=O)c5ccccc5C4=C(C#N)C#N)sc3-c3c2ccc2c4c(ccc32)C(c2ccc(O[R7])cc2)(c2ccc(O[R7])cc2)c2cc(/C=C3\C(=O)c5ccccc5C3=C(C#N)C#N)sc2-4)cc1
36,[R7]Oc1ccc(C2(c3ccc(O[R7])cc3)c3cc(/C=C4\C(=O)c5cc6ccccc6cc5C4=C(C#N)C#N)sc3-c3c2ccc2c4c(ccc32)C(c2ccc(O[R7])cc2)(c2ccc(O[R7])cc2)c2cc(/C=C3\C(=O)c5cc6ccccc6cc5C3=C(C#N)C#N)sc2-4)cc1
37,[R2]C1([R2])c2cc3c(cc2-c2cc4c(cc21)-c1sc2cc(/C=C5\C(=O)c6ccccc6C5=C(C#N)C#N)sc2c1C4([R2])[R2])C([R2])([R2])c1c-3sc2cc(/C=C3\C(=O)c4ccccc4C3=C(C#N)C#N)sc12
38,[R2]c1cc2c(/C=C3\C(=O)c4ccccc4C3=C(C#N)C#N)sc(-c3ccc4c(c3)C([R2])([R2])c3cc(-c5sc(/C=C6\C(=O)c7ccccc7C6=C(C#N)C#N)c6cc([R2])sc56)ccc3-4)c2s1
39,[R14]c1ccc(C2(c3ccc([R14])cc3)c3cc4c(cc3-c3sc(/C=C5\C(=O)c6cc(F)c(F)cc6C5=C(C#N)C#N)cc32)C(c2ccc([R14])cc2)(c2ccc([R14])cc2)c2cc(/C=C3\C(=O)c5cc(F)c(F)cc5C3=C(C#N)C#N)sc2-4)cc1
40,[R14]c1ccc(C2(c3ccc([R14])cc3)c3cc4c(cc3-c3sc5cc(/C=C6\C(=O)c7cc(F)c(F)cc7C6=C(C#N)C#N)sc5c32)C(c2ccc([R14])cc2)(c2ccc([R14])cc2)c2c-4sc3cc(/C=C4\C(=O)c5cc(F)c(F)cc5C4=C(C#N)C#N)sc23)cc1
41,[R14]c1ccc(C2(c3ccc([R14])cc3)c3cc(/C=C4\C(=O)c5cc(F)c(F)cc5C4=C(C#N)C#N)sc3-c3c2ccc2c4c(ccc32)C(c2ccc([R14])cc2)(c2ccc([R14])cc2)c2cc(/C=C3\C(=O)c5cc(F)c(F)cc5C3=C(C#N)C#N)sc2-4)cc1
42,[R14]c1ccc(C2(c3ccc([R14])cc3)c3cc4c(cc3-c3sc5c(sc6cc(/C=C7\C(=O)c8cc(F)c(F)cc8C7=C(C#N)C#N)sc65)c32)C(c2ccc([R14])cc2)(c2ccc([R14])cc2)c2c-4sc3c2sc2cc(/C=C4\C(=O)c5cc(F)c(F)cc5C4=C(C#N)C#N)sc23)cc1
43,[R14]c1ccc(C2(c3ccc([R14])cc3)c3cc4c(cc3-c3sc5cc(/C=C6\C(=O)c7sccc7C6=C(C#N)C#N)sc5c32)C(c2ccc([R14])cc2)(c2ccc([R14])cc2)c2c-4sc3cc(/C=C4\C(=O)c5sccc5C4=C(C#N)C#N)sc23)cc1
44,CCCCCCCCN1C(=O)c2cccc3c(-c4ccc(-c5ccc(-c6ccc(-c7ccc8c9c(cccc79)C(=O)N(CCCC)C8=O)s6)cc5)s4)ccc(c23)C1=O
45,CCCCCCCCCCCCN1C(=O)c2cccc3c(-c4ccc(-c5ccc(-c6ccc(-c7ccc8c9c(cccc79)C(=O)N(CCCCCCCC)C8=O)s6)cc5F)s4)ccc(c23)C1=O
46,[R2]Oc1cc(-c2ccc(-c3ccc4c5c(cccc35)C(=O)N(CCCCCCCC)C4=O)s2)c(F)cc1-c1ccc(-c2ccc3c4c(cccc24)C(=O)N(CCCCCCCC)C3=O)s1
47,[R2]Oc1cc(-c2ccc(-c3ccc4c5c(cccc35)C(=O)N(CCCCCCCC)C4=O)s2)c(O[R2])cc1-c1ccc(-c2ccc3c4c(cccc24)C(=O)N(CCCCCCCC)C3=O)s1
48,[R2]Oc1ccc2c(c1)-c1cc(O[R2])ccc1C21c2cc(-c3ccc(/C=c4\sc(=C(C#N)C#N)n(CC)c4=O)c4nsnc34)ccc2-c2ccc(-c3ccc(/C=c4\sc(=C(C#N)C#N)n(CC)c4=O)c4nsnc34)cc21
49,[R14]c1cccc(C2(c3cccc([R14])c3)c3cc4c(cc3-c3sc5cc(/C=C6\C(=O)c7ccccc7C6=C(C#N)C#N)sc5c32)C(c2cccc([R14])c2)(c2cccc([R14])c2)c2c-4sc3cc(/C=C4\C(=O)c5ccccc5C4=C(C#N)C#N)sc23)c1
50,[R2]c1cc2c(/C=C3\C(=O)c4cc(F)c(F)cc4C3=C(C#N)C#N)sc(-c3ccc4c(c3)C([R4])([R4])C3=C4C([R4])([R4])c4cc(-c5sc(/C=C6\C(=O)c7cc(F)c(F)cc7C6=C(C#N)C#N)c6cc([R2])sc56)ccc43)c2s1
51,[R14]c1ccc(C2(c3ccc([R14])cc3)c3cc(/C=C4\C(=O)c5ccccc5C4=C(C#N)C#N)sc3-c3sc4cc5c6c(sc5cc4c32)-c2sc(/C=C3\C(=O)c4ccccc4C3=C(C#N)C#N)cc2C6(c2ccc([R14])cc2)c2ccc([R14])cc2)cc1
52,[R1]n1c2cc3c4c(ccc5c6ccc7c8c(cc1c(c86)c2c45)-c1sc(/C=C2\C(=O)c4ccccc4C2=C(C#N)C#N)cc1C7(c1ccc([R14])cc1)c1ccc([R14])cc1)C(c1ccc([R14])cc1)(c1ccc([R14])cc1)c1cc(/C=C2\C(=O)c4ccccc4C2=C(C#N)C#N)sc1-3
53,[R14]c1ccc(C2(c3ccc([R14])cc3)c3cc(/C=C4\C(=O)c5cc(F)c(F)cc5C4=C(C#N)C#N)sc3-c3sc4cc5c6c(sc5cc4c32)-c2sc(/C=C3\C(=O)c4cc(F)c(F)cc4C3=C(C#N)C#N)cc2C6(c2ccc([R14])cc2)c2ccc([R14])cc2)cc1
54,[R2]C1([R2])c2cc3c(cc2-c2cc4c(cc21)-c1sc(/C=C2\C(=O)c5ccccc5C2=C(C#N)C#N)cc1C4([R2])[R2])C([R2])([R2])c1cc(/C=C2\C(=O)c4ccccc4C2=C(C#N)C#N)sc1-3
55,[R4]N1C(=O)C2C(C(=O)N([R4])C2c2ccc(/C=C3\SC(=S)N(CC)C3=O)s2)C1c1ccc(/C=C2\SC(=S)N(CC)C2=O)s1
56,[R14]c1ccc(C2(c3ccc([R14])cc3)c3cc4c(cc3-c3sc(-c5cc([R14])c(C=O)cc5[R14])cc32)C(c2ccc([R14])cc2)(c2ccc([R14])cc2)c2cc(-c3cc([R14])c(C=O)cc3[R14])sc2-4)cc1
57,[R14]c1ccc(C2(c3ccc([R14])cc3)c3cc4c(cc3-c3sc(-c5cc([R14])c(C=O)cc5[R14])cc32)C(c2ccc([R14])cc2)(c2ccc([R14])cc2)c2cc(-c3cc([R14])c(C=O)cc3[R14])sc2-4)cc1
58,*c1ccc(C2(c3ccc(*)cc3)c3cc4c(cc3-c3sc5cc(C=C6C(=O)c7cc(F)ccc7C6=C(C#N)C#N)sc5c32)C(c2ccc(*)cc2)(c2ccc(*)cc2)c2c-4sc3cc(C=C4C(=O)c5cc(F)ccc5C4=C(C#N)C#N)sc23)cc1
59,*c1ccc(C2(c3ccc(*)cc3)c3c(sc4cc(C=C5C(=O)c6cc(F)ccc6C5=C(C#N)C#N)sc34)-c3sc4c5c(sc4c32)-c2sc3cc(C=C4C(=O)c6cc(F)ccc6C4=C(C#N)C#N)sc3c2C5(c2ccc(*)cc2)c2ccc(*)cc2)cc1
60,[R2][Si]1([R2])c2cc(-c3ccc(/C=C4\C(=O)c5ccccc5C4=C(C#N)C#N)s3)ccc2-c2ccc(-c3ccc(/C=C4\C(=O)c5ccccc5C4=C(C#N)C#N)s3)cc21
61,[R14]c1ccc(C2(c3ccc([R14])cc3)c3cc4c(cc3-c3sc5cc(/C=C6\C(=O)c7ccc(OC)cc7C6=C(C#N)C#N)sc5c32)C(c2ccc([R14])cc2)(c2ccc([R14])cc2)c2c-4sc3cc(/C=C4\C(=O)c5ccc(OC)cc5C4=C(C#N)C#N)sc23)cc1
62,[R14]c1ccc(C2(c3ccc([R14])cc3)c3cc4c(cc3-c3sc5cc(/C=C6\C(=O)c7ccc(OCC)cc7C6=C(C#N)C#N)sc5c32)C(c2ccc([R14])cc2)(c2ccc([R14])cc2)c2c-4sc3cc(/C=C4\C(=O)c5ccc(OCC)cc5C4=C(C#N)C#N)sc23)cc1
63,[R14]c1ccc(C2(c3ccc([R14])cc3)c3cc4c(cc3-c3sc5cc(/C=C6\C(=O)c7ccc(OCCC)cc7C6=C(C#N)C#N)sc5c32)C(c2ccc([R14])cc2)(c2ccc([R14])cc2)c2c-4sc3cc(/C=C4\C(=O)c5ccc(OCCC)cc5C4=C(C#N)C#N)sc23)cc1
64,[R14]c1ccc(C2(c3ccc([R14])cc3)c3cc4c(cc3-c3sc5cc(/C=C6\C(=O)c7ccc(OCCCC)cc7C6=C(C#N)C#N)sc5c32)C(c2ccc([R14])cc2)(c2ccc([R14])cc2)c2c-4sc3cc(/C=C4\C(=O)c5ccc(OCCCC)cc5C4=C(C#N)C#N)sc23)cc1
65,[R2][Si]1([R2])c2cc(/C=C3\C(=O)c4cc(F)c(F)cc4C3=C(C#N)C#N)sc2-c2sc3c4c(sc3c21)-c1sc(/C=C2\C(=O)c3cc(F)c(F)cc3C2=C(C#N)C#N)cc1[Si]4([R2])[R2]
66,[R2][Si]1([R2])c2cc(/C=C3\C(=O)c4cc(F)c(F)cc4C3=C(C#N)C#N)sc2-c2sc3c(O[R7])c4c5c(sc4c(O[R7])c3c21)-c1sc(/C=C2\C(=O)c3cc(F)c(F)cc3C2=C(C#N)C#N)cc1[Si]5([R2])[R2]
67,*C1(*)c2cc(-c3ccc(C=C4C(=O)c5cc(F)ccc5C4=C(C#N)C#N)s3)sc2-c2c1ccc1c3c(ccc21)C(*)(*)c1cc(-c2ccc(C=C4C(=O)c5cc(F)ccc5C4=C(C#N)C#N)s2)sc1-3
68,*C1(*)c2cc(C=C3C(=O)c4cc(F)ccc4C3=C(C#N)C#N)sc2-c2c1ccc1c3c(ccc21)C(*)(*)c1cc(C=C2C(=O)c4cc(F)ccc4C2=C(C#N)C#N)sc1-3
69,*[Si]1(*)c2cc(C=C3C(=O)c4cc(F)ccc4C3=C(C#N)C#N)sc2-c2sc3c4c(sc3c21)-c1sc(C=C2C(=O)c3cc(F)ccc3C2=C(C#N)C#N)cc1[Si]4(*)*
70,[R14]c1ccc(C2(c3ccc([R14])cc3)c3cc4c(cc3-c3sc(-c5cc(F)c(/C=c6\sc(=C(C#N)C#N)n(CCCCCCCC)c6=O)c6nsnc56)cc32)C(c2ccc([R14])cc2)(c2ccc([R14])cc2)c2cc(-c3cc(F)c(/C=c5\sc(=C(C#N)C#N)n(CCCCCCCC)c5=O)c5nsnc35)sc2-4)cc1
71,*Oc1c2sc3c(c2c(O*)c2sc4c(c12)C(c1ccc(*)cc1)(c1ccc(*)cc1)c1cc(C=C2C(=O)c5cc(F)ccc5C2=C(C#N)C#N)sc1-4)C(c1ccc(*)cc1)(c1ccc(*)cc1)c1cc(C=C2C(=O)c4cc(F)ccc4C2=C(C#N)C#N)sc1-3
72,[R4]Oc1c2sc3c(c2c(O[R4])c2sc4c(c12)C(c1ccc([R14])cc1)(c1ccc([R14])cc1)c1cc(/C=C2\C(=O)c5cc(F)c(F)cc5C2=C(C#N)C#N)sc1-4)C(c1ccc([R14])cc1)(c1ccc([R14])cc1)c1cc(/C=C2\C(=O)c4cc(F)c(F)cc4C2=C(C#N)C#N)sc1-3
73,[R4]Oc1c2sc3c(c2c(O[R4])c2sc4c(c12)C(c1ccc([R14])cc1)(c1ccc([R14])cc1)c1cc(/C=C2\C(=O)c5ccccc5C2=C(C#N)C#N)sc1-4)C(c1ccc([R14])cc1)(c1ccc([R14])cc1)c1cc(/C=C2\C(=O)c4ccccc4C2=C(C#N)C#N)sc1-3
74,[R14]c1ccc(C2(c3ccc([R14])cc3)c3cc4c(cc3-c3sc(-c5ccc(/C=c6\sc(=C(C#N)C#N)n(CC)c6=O)c6nsnc56)cc32)C(c2ccc([R14])cc2)(c2ccc([R14])cc2)c2cc(-c3ccc(/C=c5\sc(=C(C#N)C#N)n(CC)c5=O)c5nsnc35)sc2-4)cc1
75,[R14]c1ccc(C2(c3ccc([R14])cc3)c3cc4c(cc3-c3sc(-c5ccc(C=O)c6nc(-c7ccccc7)c(-c7ccccc7)nc56)cc32)C(c2ccc([R14])cc2)(c2ccc([R14])cc2)c2cc(-c3ccc(C=O)c5nc(-c6ccccc6)c(-c6ccccc6)nc35)sc2-4)cc1
76,[R14]C1([R14])c2cc3c(cc2-c2sc(-c4ccc(C=O)c5nc(-c6ccccc6)c(-c6ccccc6)nc45)cc21)C([R14])([R14])c1cc(-c2ccc(C=O)c4nc(-c5ccccc5)c(-c5ccccc5)nc24)sc1-3
77,[R14]n1nc2c(/C=c3\sc(=C(C#N)C#N)n(CC)c3=O)ccc(-c3ccc4c(c3)C3(c5ccccc5-c5ccccc53)c3cc(-c5ccc(/C=c6\sc(=C(C#N)C#N)n(CC)c6=O)c6nn([R14])nc56)ccc3-4)c2n1
78,[R14]n1nc2c(/C=C3\SC(=S)N(CC)C3=O)ccc(-c3ccc4c(c3)C3(c5ccccc5-c5ccccc53)c3cc(-c5ccc(/C=C6\SC(=S)N(CC)C6=O)c6nn([R14])nc56)ccc3-4)c2n1
79,[R14]n1nc2c(C=C(C#N)C#N)ccc(-c3ccc4c(c3)C3(c5ccccc5-c5ccccc53)c3cc(-c5ccc(C=C(C#N)C#N)c6nn([R14])nc56)ccc3-4)c2n1
80,[R2]C1([R2])c2cc3c(cc2-c2cc4c(cc21)-c1sc(/C=C2\C(=O)c5ccccc5C2=C(C#N)C#N)cc1C4([R2])[R2])C([R2])([R2])c1cc(/C=C2\C(=O)c4ccccc4C2=C(C#N)C#N)sc1-3
81,*C1(*)c2cc3c(cc2-c2cc4c(cc21)-c1sc(C=C2C(=O)c5cc(F)ccc5C2=C(C#N)C#N)cc1C4(*)*)C(*)(*)c1cc(C=C2C(=O)c4cc(F)ccc4C2=C(C#N)C#N)sc1-3
82,*C1(*)c2cc3c(cc2-c2cc4c(cc21)-c1sc(C=C2C(=O)c5cc(Cl)ccc5C2=C(C#N)C#N)cc1C4(*)*)C(*)(*)c1cc(C=C2C(=O)c4cc(Cl)ccc4C2=C(C#N)C#N)sc1-3
83,*C1(*)c2cc3c(cc2-c2cc4c(cc21)-c1sc(C=C2C(=O)c5cc(Br)ccc5C2=C(C#N)C#N)cc1C4(*)*)C(*)(*)c1cc(C=C2C(=O)c4cc(Br)ccc4C2=C(C#N)C#N)sc1-3
84,*c1ccc(C2(c3ccc(*)cc3)c3cc4c(cc3-c3sc5cc(C=C6C(=O)c7cc(Cl)ccc7C6=C(C#N)C#N)sc5c32)C(c2ccc(*)cc2)(c2ccc(*)cc2)c2c-4sc3cc(C=C4C(=O)c5cc(Cl)ccc5C4=C(C#N)C#N)sc23)cc1
85,*c1ccc(C2(c3ccc(*)cc3)c3cc4c(cc3-c3sc5cc(C=C6C(=O)c7cc(Br)ccc7C6=C(C#N)C#N)sc5c32)C(c2ccc(*)cc2)(c2ccc(*)cc2)c2c-4sc3cc(C=C4C(=O)c5cc(Br)ccc5C4=C(C#N)C#N)sc23)cc1
86,*c1ccc(C2(c3ccc(*)cc3)c3cc4c(cc3-c3sc5cc(C=C6C(=O)c7cc(I)ccc7C6=C(C#N)C#N)sc5c32)C(c2ccc(*)cc2)(c2ccc(*)cc2)c2c-4sc3cc(C=C4C(=O)c5cc(I)ccc5C4=C(C#N)C#N)sc23)cc1
87,[R14]c1ccc(C2(c3ccc([R14])cc3)c3cc(/C=C4\C(=O)c5ccccc5C4=C(C#N)C#N)sc3-c3sc4cc5c6c(sc5cc4c32)-c2sc(/C=C3\C(=O)c4ccccc4C3=C(C#N)C#N)cc2C6(c2ccc([R14])cc2)c2ccc([R14])cc2)cc1
88,*c1ccc(C2(c3ccc(*)cc3)c3cc(C=C4C(=O)c5cc(F)ccc5C4=C(C#N)C#N)sc3-c3sc4c(*)c5c6c(sc5c(*)c4c32)-c2sc(C=C3C(=O)c4cc(F)ccc4C3=C(C#N)C#N)cc2C6(c2ccc(*)cc2)c2ccc(*)cc2)cc1
90,[R2]c1ccc(C2(c3ccc([R2])cc3)c3cc4c5cc6c(cc5n([R21])c4cc3-c3sc(/C=C4\C(=O)c5ccccc5C4=C(C#N)C#N)cc32)-c2sc(/C=C3\C(=O)c4ccccc4C3=C(C#N)C#N)cc2C6(c2ccc([R2])cc2)c2ccc([R2])cc2)cc1
91,[R2]C1([R2])c2cc3c(cc2-c2sc(-c4ccc(/C=C5\SC(=S)N(CC)C5=O)c5nsnc45)cc21)C([R2])([R2])c1cc(-c2ccc(/C=C4\SC(=S)N(CC)C4=O)c4nsnc24)sc1-3
92,[R4]C1([R4])c2cc3c(cc2-c2sc(-c4ccc(/C=C5\SC(=S)N(CC)C5=O)c5nsnc45)cc21)C([R4])([R4])c1cc(-c2ccc(/C=C4\SC(=S)N(CC)C4=O)c4nsnc24)sc1-3
93,[R2]C1([R2])c2cc(-c3ccc(/C=C4\SC(=S)N(CC)C4=O)c4nsnc34)ccc2-c2ccc(-c3ccc(/C=C4\SC(=S)N(CC)C4=O)c4nsnc34)cc21
94,[R14]c1ccc(C2(c3ccc([R14])cc3)c3cc4c(cc3-c3sc5cc(/C=C6\C(=O)c7cscc7C6=C(C#N)C#N)sc5c32)C(c2ccc([R14])cc2)(c2ccc([R14])cc2)c2c-4sc3cc(/C=C4\C(=O)c5cscc5C4=C(C#N)C#N)sc23)cc1
95,[R14]c1ccc(C2(c3ccc([R14])cc3)c3cc4c(cc3-c3sc(/C=C5\C(=O)c6cscc6C5=C(C#N)C#N)cc32)C(c2ccc([R14])cc2)(c2ccc([R14])cc2)c2cc(/C=C3\C(=O)c5cscc5C3=C(C#N)C#N)sc2-4)cc1
96,[R7]N1C(=O)c2cccc3c(-c4ccc(-c5ccc6c(c5)C(=O)c5cc(-c7ccc(-c8ccc9c%10c(cccc8%10)C(=O)N([R7])C9=O)s7)ccc5-6)s4)ccc(c23)C1=O
97,[R1]N1C(=O)c2cccc3c(-c4ccc(-c5ccc6c(c5)C(=O)c5cc(-c7ccc(-c8ccc9c%10c(cccc8%10)C(=O)N([R1])C9=O)s7)ccc5-6)s4)ccc(c23)C1=O
98,[R7]N1C(=O)c2cccc3c(-c4ccc(-c5ccc6c(c5)C(=C(C#N)C#N)c5cc(-c7ccc(-c8ccc9c%10c(cccc8%10)C(=O)N([R7])C9=O)s7)ccc5-6)s4)ccc(c23)C1=O
99,[R14]c1ccc(C2(c3ccc([R14])cc3)c3cc4c(cc3-c3sc5c(sc6cc(/C=C7\C(=O)c8ccccc8C7=C(C#N)C#N)sc65)c32)C(c2ccc([R14])cc2)(c2ccc([R14])cc2)c2c-4sc3c2sc2cc(/C=C4\C(=O)c5ccccc5C4=C(C#N)C#N)sc23)cc1
100,[R14]c1ccc(C2(c3ccc([R14])cc3)c3cc4c(cc3-c3sc5c(sc6cc(/C=C7\C(=O)c8c(F)cccc8C7=C(C#N)C#N)sc65)c32)C(c2ccc([R14])cc2)(c2ccc([R14])cc2)c2c-4sc3c2sc2cc(/C=C4\C(=O)c5c(F)cccc5C4=C(C#N)C#N)sc23)cc1
101,[R14]c1ccc(C2(c3ccc([R14])cc3)c3cc4c(cc3-c3sc5c(sc6cc(/C=C7\C(=O)c8ccc(F)cc8C7=C(C#N)C#N)sc65)c32)C(c2ccc([R14])cc2)(c2ccc([R14])cc2)c2c-4sc3c2sc2cc(/C=C4\C(=O)c5ccc(F)cc5C4=C(C#N)C#N)sc23)cc1
102,[R14]c1ccc(C2(c3ccc([R14])cc3)c3cc4c(cc3-c3sc5c(sc6cc(/C=C7\C(=O)c8cc(F)c(F)cc8C7=C(C#N)C#N)sc65)c32)C(c2ccc([R14])cc2)(c2ccc([R14])cc2)c2c-4sc3c2sc2cc(/C=C4\C(=O)c5cc(F)c(F)cc5C4=C(C#N)C#N)sc23)cc1
103,[R14]c1ccc(C2(c3ccc([R14])cc3)c3cc(/C=C4\C(=O)c5cc(F)c(F)cc5C4=C(C#N)C#N)sc3-c3sc4c5c(sc4c32)-c2sc(/C=C3\C(=O)c4cc(F)c(F)cc4C3=C(C#N)C#N)cc2C5(c2ccc([R14])cc2)c2ccc([R14])cc2)cc1
104,[R14]c1ccc(C2(c3ccc([R14])cc3)c3c(sc4cc(/C=C5\C(=O)c6cc(F)c(F)cc6C5=C(C#N)C#N)sc34)-c3sc4c5c(sc4c32)-c2sc3cc(/C=C4\C(=O)c6cc(F)c(F)cc6C4=C(C#N)C#N)sc3c2C5(c2ccc([R14])cc2)c2ccc([R14])cc2)cc1
105,[R14]c1ccc(C2(c3ccc([R14])cc3)c3c(sc4c5c(sc34)-c3sc4c(sc6cc(/C=C7\C(=O)c8cc(F)c(F)cc8C7=C(C#N)C#N)sc64)c3C5(c3ccc([R14])cc3)c3ccc([R14])cc3)-c3sc4c(sc5cc(/C=C6\C(=O)c7cc(F)c(F)cc7C6=C(C#N)C#N)sc54)c32)cc1
106,[R14]c1ccc(C2(c3ccc([R14])cc3)c3cc4c(cc3-c3sc(-c5ccc(/C=C6\C(=O)c7ccccc7C6=C(C#N)C#N)s5)cc32)C(c2ccc([R14])cc2)(c2ccc([R14])cc2)c2cc(-c3ccc(/C=C5\C(=O)c6ccccc6C5=C(C#N)C#N)s3)sc2-4)cc1
107,[R2]C1([R2])c2cc(-c3ccc(C=C4C(=O)N(CC)C(=S)N(CC)C4=O)s3)ccc2-c2ccc(-c3ccc(C=C4C(=O)N(CC)C(=S)N(CC)C4=O)s3)cc21
108,[R4]C1([R4])c2cc(-c3ccc(/C=C4\SC(=S)N(CC)C4=O)c4nsnc34)ccc2-c2cc3c(cc21)-c1ccc(-c2ccc(/C=C4\SC(=S)N(CC)C4=O)c4nsnc24)cc1C3([R4])[R4]
109,[R2]C1([R2])c2cc3c(cc2-c2sc(-c4ccc(/C=C5\SC(=S)N(CC)C5=O)c5nsnc45)cc21)C([R2])([R2])c1cc(-c2ccc(/C=C4\SC(=S)N(CC)C4=O)c4nsnc24)sc1-3
110,[R7]c1cc(-c2ccc(C=C(C#N)C#N)c3nsnc23)sc1-c1nc2sc(-c3sc(-c4ccc(C=C(C#N)C#N)c5nsnc45)cc3[R7])nc2s1
111,[R7]c1cc(-c2ccc(/C=c3/sc(=C(C#N)C#N)n(CC)c3=O)c3nsnc23)sc1-c1nc2sc(-c3sc(-c4ccc(/C=c5/sc(=C(C#N)C#N)n(CC)c5=O)c5nsnc45)cc3[R7])nc2s1
112,[R2]C1([R2])c2cc3c(cc2-c2cc4c(cc21)-c1sc(/C=C2\C(=O)c5ccccc5C2=C(C#N)C#N)cc1C4([R14])[R14])C([R14])([R14])c1cc(/C=C2\C(=O)c4ccccc4C2=C(C#N)C#N)sc1-3
113,[R14]C1([R14])c2cc3c(cc2-c2cc4c(cc21)-c1sc(/C=C2\C(=O)c5ccccc5C2=C(C#N)C#N)cc1C4([R14])[R14])C([R14])([R14])c1cc(/C=C2\C(=O)c4ccccc4C2=C(C#N)C#N)sc1-3
114,[R2]C1([R2])c2cc3c(cc2-c2sc(/C=C4\C(=O)c5ccccc5C4=C(C#N)C#N)cc21)C([R14])([R14])c1cc2c(cc1-3)C([R2])([R2])c1cc(/C=C3\C(=O)c4ccccc4C3=C(C#N)C#N)sc1-2
115,[R4]N1C(=O)c2cc(-c3ccc(/C=C4\SC(=S)N(CC)C4=O)s3)c3c4c(cc(-c5ccc(/C=C6\SC(=S)N(CC)C6=O)s5)c(c24)C1=O)C(=O)N([R4])C3=O
116,[R14]c1ccc(C2(c3ccc([R14])cc3)c3c(sc4cc(/C=C5\C(=O)c6ccccc6C5=C(C#N)C#N)sc34)-c3sc4c5c(sc4c32)-c2sc3cc(/C=C4\C(=O)c6ccccc6C4=C(C#N)C#N)sc3c2C5(c2ccc([R14])cc2)c2ccc([R14])cc2)cc1
117,[R14]c1ccc(C2(c3ccc([R14])cc3)c3c(sc4cc(/C=C5\C(=O)c6cc(Cl)c(Cl)cc6C5=C(C#N)C#N)sc34)-c3sc4c5c(sc4c32)-c2sc3cc(/C=C4\C(=O)c6cc(Cl)c(Cl)cc6C4=C(C#N)C#N)sc3c2C5(c2ccc([R14])cc2)c2ccc([R14])cc2)cc1
118,[R14]c1ccc(C2(c3ccc([R14])cc3)c3cc4c(cc3-c3sc5cc(/C=C6\C(=O)c7cscc7C6=C(C#N)C#N)sc5c32)C(c2ccc([R14])cc2)(c2ccc([R14])cc2)c2c-4sc3cc(/C=C4\C(=O)c5cscc5C4=C(C#N)C#N)sc23)cc1
119,[R24]c1ccc(C2(c3ccc([R24])cc3)c3cc4c(cc3-c3sc5cc(/C=C6\C(=O)c7ccccc7C6=C(C#N)C#N)sc5c32)C(c2ccc([R24])cc2)(c2ccc([R24])cc2)c2c-4sc3cc(/C=C4\C(=O)c5ccccc5C4=C(C#N)C#N)sc23)cc1
120,[R14]c1ccc(C2(c3ccc([R14])cc3)c3cc4c(cc3-c3sc5cc(/C=C6\C(=O)c7cccc(OC)c7C6=C(C#N)C#N)sc5c32)C(c2ccc([R14])cc2)(c2ccc([R14])cc2)c2c-4sc3cc(/C=C4\C(=O)c5cccc(OC)c5C4=C(C#N)C#N)sc23)cc1
121,[R14]c1ccc(C2(c3ccc([R14])cc3)c3cc4c(cc3-c3sc5cc(/C=C6\C(=O)c7ccc(OC)cc7C6=C(C#N)C#N)sc5c32)C(c2ccc([R14])cc2)(c2ccc([R14])cc2)c2c-4sc3cc(/C=C4\C(=O)c5ccc(OC)cc5C4=C(C#N)C#N)sc23)cc1
122,[R14]c1ccc(C2(c3ccc([R14])cc3)c3cc4c(cc3-c3sc5cc(/C=C6\C(=O)c7cc(OC)ccc7C6=C(C#N)C#N)sc5c32)C(c2ccc([R14])cc2)(c2ccc([R14])cc2)c2c-4sc3cc(/C=C4\C(=O)c5cc(OC)ccc5C4=C(C#N)C#N)sc23)cc1
123,[R14]c1ccc(C2(c3ccc([R14])cc3)c3cc4c(cc3-c3sc5cc(/C=C6\C(=O)c7c(OC)cccc7C6=C(C#N)C#N)sc5c32)C(c2ccc([R14])cc2)(c2ccc([R14])cc2)c2c-4sc3cc(/C=C4\C(=O)c5c(OC)cccc5C4=C(C#N)C#N)sc23)cc1
124,[R14]c1ccc(C2(c3ccc([R14])cc3)c3cc4c(cc3-c3sc5cc(/C=C6\C(=O)c7c(C)sc(C)c7C6=C(C#N)C#N)sc5c32)C(c2ccc([R14])cc2)(c2ccc([R14])cc2)c2c-4sc3cc(/C=C4\C(=O)c5c(C)sc(C)c5C4=C(C#N)C#N)sc23)cc1
125,[R14]c1ccc(C2(c3ccc([R14])s3)c3cc4c(cc3-c3sc5cc(/C=C6\C(=O)c7cscc7C6=C(C#N)C#N)sc5c32)C(c2ccc([R14])s2)(c2ccc([R14])s2)c2c-4sc3cc(/C=C4\C(=O)c5cscc5C4=C(C#N)C#N)sc23)s1
126,[R14]c1ccc(C2(c3ccc([R14])cc3)c3cc4c(cc3-c3sc(-c5ccc6c(c5)N(CC)C(=O)C6=O)cc32)C(c2ccc([R14])cc2)(c2ccc([R14])cc2)c2cc(-c3ccc5c(c3)N(CC)C(=O)C5=O)sc2-4)cc1
127,[R14]c1ccc(C2(c3ccc([R14])cc3)c3cc4c(cc3-c3sc(-c5ccc6c(c5)N(CC)C(=O)C6=C(C#N)C#N)cc32)C(c2ccc([R14])cc2)(c2ccc([R14])cc2)c2cc(-c3ccc5c(c3)N(CC)C(=O)C5=C(C#N)C#N)sc2-4)cc1
128,[R14]c1ccc(C2(c3ccc([R14])cc3)c3cc4c(cc3-c3sc(-c5ccc6c(c5)N(CC)C(=O)/C6=C(/C#N)c5cccs5)cc32)C(c2ccc([R14])cc2)(c2ccc([R14])cc2)c2cc(-c3ccc5c(c3)N(CC)C(=O)/C5=C(/C#N)c3cccs3)sc2-4)cc1
129,[R14]c1ccc(C2(c3ccc([R14])[se]3)c3cc4c(cc3-c3sc5cc(/C=C6\C(=O)c7cscc7C6=C(C#N)C#N)sc5c32)C(c2ccc([R14])[se]2)(c2ccc([R14])[se]2)c2c-4sc3cc(/C=C4\C(=O)c5cscc5C4=C(C#N)C#N)sc23)[se]1
130,[R2]C1([R2])c2cc(-c3ccc(/C=C4\C(=O)c5ccccc5C4=C(C#N)C#N)s3)ccc2-c2ccc(-c3ccc(/C=C4\C(=O)c5ccccc5C4=C(C#N)C#N)s3)cc21
131,[R2]C1([R2])c2cc(-c3ccc(/C=C4\C(=O)c5ccccc5C4=C(C#N)C#N)s3)ccc2-c2cc3c(cc21)-c1ccc(-c2ccc(/C=C4\C(=O)c5ccccc5C4=C(C#N)C#N)s2)cc1C3([R2])[R2]
132,[R14]c1ccc(C2(c3ccc([R14])cc3)c3cc4c(cc3-c3sc(-c5ccc(C=C(C#N)C#N)c6nsnc56)cc32)C(c2ccc([R14])cc2)(c2ccc([R14])cc2)c2cc(-c3ccc(C=C(C#N)C#N)c5nsnc35)sc2-4)cc1
133,[R14]c1ccc(C2(c3ccc([R14])cc3)c3cc4c(cc3-c3sc5cc(-c6ccc(C=C(C#N)C#N)c7nsnc67)sc5c32)C(c2ccc([R14])cc2)(c2ccc([R14])cc2)c2c-4sc3cc(-c4ccc(C=C(C#N)C#N)c5nsnc45)sc23)cc1
134,[R14]c1ccc(C2(c3ccc([R14])cc3)c3cc(-c4ccc(/C=C5\C(=O)c6ccccc6C5=C(C#N)C#N)s4)ccc3-c3cc4c(cc32)-c2ccc(-c3ccc(/C=C5\C(=O)c6ccccc6C5=C(C#N)C#N)s3)cc2C4(c2ccc([R14])cc2)c2ccc([R14])cc2)cc1
135,[R14]c1ccc(C2(c3ccc([R14])cc3)c3cc(-c4ncc(/C=C5\C(=O)c6ccccc6C5=C(C#N)C#N)s4)ccc3-c3cc4c(cc32)-c2ccc(-c3ncc(/C=C5\C(=O)c6ccccc6C5=C(C#N)C#N)s3)cc2C4(c2ccc([R14])cc2)c2ccc([R14])cc2)cc1
136,[R14]c1ccc(C2(c3ccc([R14])cc3)c3cc4c(cc3-c3sc(/C=C5\C(=O)c6cc7ccccc7cc6C5=C(C#N)C#N)cc32)C(c2ccc([R14])cc2)(c2ccc([R14])cc2)c2cc(/C=C3\C(=O)c5cc6ccccc6cc5C3=C(C#N)C#N)sc2-4)cc1
137,[R4]c1cc(/C=C2\C(=O)c3cc4ccccc4cc3C2=C(C#N)C#N)sc1-c1cc2c(s1)-c1cc3c(cc1C2(c1ccc([R14])cc1)c1ccc([R14])cc1)-c1sc(-c2sc(/C=C4\C(=O)c5cc6ccccc6cc5C4=C(C#N)C#N)cc2[R4])cc1C3(c1ccc([R14])cc1)c1ccc([R14])cc1
138,[R14]c1ccc(C2(c3ccc([R14])cc3)c3cc4c(cc3-c3sc(-c5sc(/C=C6\C(=O)c7cc(F)c(F)cc7C6=C(C#N)C#N)c6c5OCCO6)cc32)C(c2ccc([R14])cc2)(c2ccc([R14])cc2)c2cc(-c3sc(/C=C5\C(=O)c6cc(F)c(F)cc6C5=C(C#N)C#N)c5c3OCCO5)sc2-4)cc1
139,[R14]c1ccc(C2(c3ccc([R14])cc3)c3cc4c(cc3-c3sc(-c5sc(/C=C6\C(=O)c7cc(F)c(F)cc7C6=C(C#N)C#N)c6c5OCCCO6)cc32)C(c2ccc([R14])cc2)(c2ccc([R14])cc2)c2cc(-c3sc(/C=C5\C(=O)c6cc(F)c(F)cc6C5=C(C#N)C#N)c5c3OCCCO5)sc2-4)cc1
140,[R14]C1([R14])c2cc3c(cc2-c2sc(/C=C4\C(=O)c5ccc(C)cc5C4=C(C#N)C#N)cc21)C([R14])([R14])c1cc(/C=C2\C(=O)c4ccc(C)cc4C2=C(C#N)C#N)sc1-3
141,[R14]c1ccc(C2(c3ccc([R14])cc3)c3cc4c(cc3-c3sc(/C=C5\C(=O)c6ccc(C)cc6C5=C(C#N)C#N)cc32)C(c2ccc([R14])cc2)(c2ccc([R14])cc2)c2cc(/C=C3\C(=O)c5ccc(C)cc5C3=C(C#N)C#N)sc2-4)cc1
142,[R14]c1ccc(C2(c3ccc([R14])cc3)c3c(sc4cc(/C=C5\C(=O)c6cc(F)c(F)cc6C5=C(C#N)C#N)sc34)-c3sc4c(c([R14])cc5c4cc([R14])c4c6c(sc45)-c4sc5cc(/C=C7\C(=O)c8cc(F)c(F)cc8C7=C(C#N)C#N)sc5c4C6(c4ccc([R14])cc4)c4ccc([R14])cc4)c32)cc1
143,[R2]C1([R2])c2cc3c(cc2-c2cc4c(cc21)-c1sc(/C=C2\C(=O)c5cc6ccccc6cc5C2=C(C#N)C#N)cc1C4([R2])[R2])C([R2])([R2])c1cc(/C=C2\C(=O)c4cc5ccccc5cc4C2=C(C#N)C#N)sc1-3
144,[R2]C1([R2])c2cc3c(cc2-c2cc4c(cc21)-c1sc(/C=C2\C(=O)c5ccccc5C2=C(C#N)C#N)cc1C4([R2])[R2])C([R2])([R2])c1cc(/C=C2\C(=O)c4ccccc4C2=C(C#N)C#N)sc1-3
145,[R4]C1([R4])c2cc(-c3ccc(/C=C4\SC(=S)N(CC)C4=O)c4nsnc34)sc2-c2c1ccc1c3c(ccc21)C([R4])([R4])c1cc(-c2ccc(/C=C4\SC(=S)N(CC)C4=O)c4nsnc24)sc1-3
146,[R14]C1([R14])c2cc(/C=C3\C(=O)c4ccccc4C3=C(C#N)C#N)sc2-c2c1ccc1c3c(ccc21)C([R14])([R14])c1cc(/C=C2\C(=O)c4ccccc4C2=C(C#N)C#N)sc1-3
147,[R4]C1([R4])c2cc(/C=C3\C(=O)c4ccccc4C3=C(C#N)C#N)sc2-c2c1ccc1c3c(ccc21)C([R4])([R4])c1cc(/C=C2\C(=O)c4ccccc4C2=C(C#N)C#N)sc1-3
148,[R2]Oc1ccc(C2(c3ccc(O[R2])cc3)c3cc4c5cc6c(cc5n([R2])c4cc3-c3sc(/C=C4\C(=O)c5cc(F)c(F)cc5C4=C(C#N)C#N)cc32)-c2sc(/C=C3\C(=O)c4cc(F)c(F)cc4C3=C(C#N)C#N)cc2C6(c2ccc(O[R2])cc2)c2ccc(O[R2])cc2)cc1
149,[R4]N1C(=O)c2cccc3c(-c4ccc(-c5sc6c(-c7ccc([R14])s7)c(-c7ccc(-c8ccc9c%10c(cccc8%10)C(=O)N([R4])C9=O)s7)sc6c5-c5ccc([R14])s5)s4)ccc(c23)C1=O
150,[R14]c1cc(/C=C2\C(=O)N(CCCC)C(=O)C(C#N)C2C)sc1-c1cc([R14])c(-c2cc3c(s2)c2sc(-c4sc(-c5sc(/C=C6\C(=O)N(CCCC)C(=O)C(C#N)C6C)cc5[R14])cc4[R14])cc2n3[R21])s1
151,[R14]c1cc(/C=C2\C(=O)c3ccccc3C2=C(C#N)C#N)sc1-c1cc([R14])c(-c2cc3c(s2)c2sc(-c4sc(-c5sc(/C=C6\C(=O)c7ccccc7C6=C(C#N)C#N)cc5[R14])cc4[R14])cc2n3[R21])s1
152,[R14]c1ccc(C2(c3ccc([R14])cc3)c3cc(-c4ccc(/C=C5\C(=O)c6ccccc6C5=C(C#N)C#N)o4)ccc3-c3cc4c(cc32)-c2ccc(-c3ccc(/C=C5\C(=O)c6ccccc6C5=C(C#N)C#N)o3)cc2C4(c2ccc([R14])cc2)c2ccc([R14])cc2)cc1
153,[R4]N1C(=O)C(=C(C#N)C#N)c2ccc(-c3cc4c(s3)-c3cc5c(cc3C4(c3ccc([R14])cc3)c3ccc([R14])cc3)-c3sc(-c4ccc6c(c4)N([R4])C(=O)C6=C(C#N)C#N)cc3C5(c3ccc([R14])cc3)c3ccc([R14])cc3)cc21
154,[R4]N1C(=O)C(=C(C#N)C#N)c2sc(-c3cc4c(s3)-c3cc5c(cc3C4(c3ccc([R14])cc3)c3ccc([R14])cc3)-c3sc(-c4cc6c(s4)C(=C(C#N)C#N)C(=O)N6[R4])cc3C5(c3ccc([R14])cc3)c3ccc([R14])cc3)cc21
155,[R4]Oc1cc(/C=C2\C(=O)c3ccccc3C2=C(C#N)C#N)sc1-c1cc2c(s1)-c1sc(-c3sc(/C=C4\C(=O)c5ccccc5C4=C(C#N)C#N)cc3O[R4])cc1C2([R4])[R4]
156,[R4]Oc1cc(/C=C2\C(=O)c3cc(F)c(F)cc3C2=C(C#N)C#N)sc1-c1cc2c(s1)-c1sc(-c3sc(/C=C4\C(=O)c5cc(F)c(F)cc5C4=C(C#N)C#N)cc3O[R4])cc1[Si]2([R4])[R4]
158,[R14]c1ccc(C2(c3ccc([R14])cc3)c3cc4c(cc3-c3sc(/C=C5\C(=O)c6cc(F)c(F)cc6C5=C(C#N)C#N)cc32)C(c2ccc([R14])cc2)(c2ccc([R14])cc2)c2cc(/C=C3\C(=O)c5cc(F)c(F)cc5C3=C(C#N)C#N)sc2-4)cc1
159,[R14]c1ccc(C2(c3ccc([R14])cc3)c3cc4c(cc3-c3sc(/C=C5\C(=O)c6cc(Cl)c(Cl)cc6C5=C(C#N)C#N)cc32)C(c2ccc([R14])cc2)(c2ccc([R14])cc2)c2cc(/C=C3\C(=O)c5cc(Cl)c(Cl)cc5C3=C(C#N)C#N)sc2-4)cc1
160,[R14]c1ccc(C2(c3ccc([R14])cc3)c3cc(/C=C4\C(=O)c5ccc(C)cc5C4=C(C#N)C#N)sc3-c3sc4cc5c6c(sc5cc4c32)-c2sc(/C=C3\C(=O)c4ccc(C)cc4C3=C(C#N)C#N)cc2C6(c2ccc([R14])cc2)c2ccc([R14])cc2)cc1
161,[R4]c1ccc(-c2c3sc4c(c3c(-c3ccc([R4])s3)c3sc5c(c23)C(c2ccc([R14])cc2)(c2ccc([R14])cc2)c2cc(/C=C3\C(=O)c6ccc(C)cc6C3=C(C#N)C#N)sc2-5)C(c2ccc([R14])cc2)(c2ccc([R14])cc2)c2cc(/C=C3\C(=O)c5ccc(C)cc5C3=C(C#N)C#N)sc2-4)s1
162,*c1ccc(C2(c3ccc(*)cc3)c3cc(C=C4C(=O)c5cc(F)ccc5C4=C(C#N)C#N)sc3-c3sc4c5c(sc4c32)-c2sc(C=C3C(=O)c4cc(F)ccc4C3=C(C#N)C#N)cc2C5(c2ccc(*)cc2)c2ccc(*)cc2)cc1
163,[R14]c1ccc(C2(c3ccc([R14])cc3)c3cc(/C=C4\C(=O)c5ccccc5C4=C(C#N)C#N)sc3-c3sc4cc5c6c(sc5cc4c32)-c2sc(/C=C3\C(=O)c4ccccc4C3=C(C#N)C#N)cc2C6(c2ccc([R14])cc2)c2ccc([R14])cc2)cc1
164,[R14]C1([R14])c2cc(-c3ccc(C=C(C#N)C#N)s3)ccc2-c2cc3c(cc21)-c1ccc(-c2ccc(C=C(C#N)C#N)s2)cc1C3([R14])[R14]
165,[R14]C1([R14])c2cc(-c3ccc(/C=C(\C#N)C(=O)OCC)s3)ccc2-c2cc3c(cc21)-c1ccc(-c2ccc(/C=C(\C#N)C(=O)OCC)s2)cc1C3([R14])[R14]
166,[R14]C1([R14])c2cc(-c3ccc(/C=C4\C(=O)c5ccccc5C4=C(C#N)C#N)s3)ccc2-c2cc3c(cc21)-c1ccc(-c2ccc(/C=C4\C(=O)c5ccccc5C4=C(C#N)C#N)s2)cc1C3([R14])[R14]
167,[R14]C1([R14])c2cc(-c3ccc(C=C4C(=O)N(CC)C(=S)N(CC)C4=O)s3)ccc2-c2cc3c(cc21)-c1ccc(-c2ccc(C=C4C(=O)N(CC)C(=S)N(CC)C4=O)s2)cc1C3([R14])[R14]
168,[R2]C([R2])n1c2cc3c(cc2c2cc4c(cc21)-c1sc(/C=C2\C(=O)c5ccccc5C2=C(C#N)C#N)cc1C4([R2])[R2])C([R2])([R2])c1cc(/C=C2\C(=O)c4ccccc4C2=C(C#N)C#N)sc1-3
169,[R1]n1c2cc(-c3ccc(/C=C4\SC(=S)N(CC)C4=O)c4nsnc34)ccc2c2ccc(-c3ccc(/C=C4\SC(=S)N(CC)C4=O)c4nsnc34)cc21
170,[R14]n1c2cc(-c3ccc(/C=C4\SC(=S)N(CC)C4=O)c4nsnc34)ccc2c2ccc(-c3ccc(/C=C4\SC(=S)N(CC)C4=O)c4nsnc34)cc21
172,[R4]Oc1cc(/C=C2\C(=O)c3cscc3C2=C(C#N)C#N)sc1-c1cc2c(s1)-c1cc3c(cc1C2(c1ccc([R14])cc1)c1ccc([R14])cc1)-c1sc(-c2sc(/C=C4\C(=O)c5cscc5C4=C(C#N)C#N)cc2O[R4])cc1C3(c1ccc([R14])cc1)c1ccc([R14])cc1
173,[R2]n1nc2c(C=C(C#N)C#N)ccc(-c3cc4c(s3)-c3cc5c(cc3C4(c3ccc([R14])cc3)c3ccc([R14])cc3)-c3sc(-c4ccc(C=C(C#N)C#N)c6nn([R2])nc46)cc3C5(c3ccc([R14])cc3)c3ccc([R14])cc3)c2n1
174,[R14]c1ccc(C2(c3ccc([R14])cc3)c3cc4c(cc3-c3sc(-c5ccc(/C=C6/SC(=O)N(CC)C6=O)c6nsnc56)cc32)C(c2ccc([R14])cc2)(c2ccc([R14])cc2)c2cc(-c3ccc(/C=C5/SC(=O)N(CC)C5=O)c5nsnc35)sc2-4)cc1
175,[R2]C1([R2])c2cc3c(cc2-c2sc(-c4ccc(/C=C5/SC(=O)N(CC)C5=O)c5nsnc45)cc21)C([R2])([R2])c1cc(-c2ccc(/C=C4/SC(=O)N(CC)C4=O)c4nsnc24)sc1-3
176,[R2]n1c2cc3c(cc2c2cc4c(cc21)-c1sc(-c2ccc(/C=C5\C(=O)c6ccccc6C5=C(C#N)C#N)s2)cc1C4(c1ccc([R14])cc1)c1ccc([R14])cc1)C(c1ccc([R14])cc1)(c1ccc([R14])cc1)c1cc(-c2ccc(/C=C4\C(=O)c5ccccc5C4=C(C#N)C#N)s2)sc1-3
177,[R14]c1ccc(C2(c3ccc([R14])cc3)c3cc(-c4ccc(/C=C5\C(=O)c6ccccc6C5=C(C#N)C#N)s4)ccc3-c3cc4c(cc32)-c2ccc(-c3ccc(/C=C5\C(=O)c6ccccc6C5=C(C#N)C#N)s3)cc2C4(c2ccc([R14])cc2)c2ccc([R14])cc2)cc1
178,[R2]n1nc2c(/C=C3/SC(=O)N(CC)C3=O)c(OC)c(OC)c(-c3cc4c(s3)-c3cc5c(cc3C4(c3ccc([R14])cc3)c3ccc([R14])cc3)-c3sc(-c4c(OC)c(OC)c(/C=C6/SC(=O)N(CC)C6=O)c6nn([R2])nc46)cc3C5(c3ccc([R14])cc3)c3ccc([R14])cc3)c2n1
179,[R2]n1nc2c(/C=C3/SC(=S)N(CC)C3=O)c(OC)c(OC)c(-c3cc4c(s3)-c3cc5c(cc3C4(c3ccc([R14])cc3)c3ccc([R14])cc3)-c3sc(-c4c(OC)c(OC)c(/C=C6/SC(=S)N(CC)C6=O)c6nn([R2])nc46)cc3C5(c3ccc([R14])cc3)c3ccc([R14])cc3)c2n1
180,[R2]n1nc2c(/C=c3/sc(=C(C#N)C#N)n(CC)c3=O)c(OC)c(OC)c(-c3cc4c(s3)-c3cc5c(cc3C4(c3ccc([R14])cc3)c3ccc([R14])cc3)-c3sc(-c4c(OC)c(OC)c(/C=c6/sc(=C(C#N)C#N)n(CC)c6=O)c6nn([R2])nc46)cc3C5(c3ccc([R14])cc3)c3ccc([R14])cc3)c2n1
181,[R14]c1ccc(C2(c3ccc([R14])cc3)c3cc(/C=C4\C(=O)c5ccccc5C4=C(C#N)C#N)sc3-c3sc4c5c(sc4c32)-c2sc(/C=C3\C(=O)c4ccccc4C3=C(C#N)C#N)cc2C5(c2ccc([R14])cc2)c2ccc([R14])cc2)cc1
182,[R14]c1ccc(C2(c3ccc([R14])cc3)c3c(sc4cc(/C=C5\C(=O)c6ccccc6C5=C(C#N)C#N)sc34)-c3sc4c5c(sc4c32)-c2sc3cc(/C=C4\C(=O)c6ccccc6C4=C(C#N)C#N)sc3c2C5(c2ccc([R14])cc2)c2ccc([R14])cc2)cc1
183,[R14]c1ccc(C2(c3ccc([R14])cc3)Oc3c(sc4c5c(sc34)-c3sc4cc(/C=C6\C(=O)c7cc(F)c(F)cc7C6=C(C#N)C#N)sc4c3C(c3ccc([R14])cc3)(c3ccc([R14])cc3)O5)-c3sc4cc(/C=C5\C(=O)c6cc(F)c(F)cc6C5=C(C#N)C#N)sc4c32)cc1
184,[R14]c1ccc(C2(c3ccc([R14])cc3)c3cc4c(cc3-c3sc(-c5ccc(/C=C6\SC(=S)N(CC)C6=O)c6nsnc56)cc32)C(c2ccc([R14])cc2)(c2ccc([R14])cc2)c2cc(-c3ccc(/C=C5\SC(=S)N(CC)C5=O)c5nsnc35)sc2-4)cc1
185,[R14]C1([R14])c2cc3c(cc2-c2sc(-c4ccc(/C=C5\SC(=S)N(CC)C5=O)c5nsnc45)cc21)C([R14])([R14])c1cc(-c2ccc(/C=C4\SC(=S)N(CC)C4=O)c4nsnc24)sc1-3
186,[R2]OC(=O)c1cc2c(/C=C3\C(=O)c4ccccc4C3=C(C#N)C#N)sc(-c3cc4c(s3)-c3cc5c(cc3C4(c3ccc([R14])cc3)c3ccc([R14])cc3)-c3sc(-c4sc(/C=C6\C(=O)c7ccccc7C6=C(C#N)C#N)c6cc(C(=O)O[R2])sc46)cc3C5(c3ccc([R14])cc3)c3ccc([R14])cc3)c2s1
187,[R4]Sc1cc(/C=C2\C(=O)c3cc(F)c(F)cc3C2=C(C#N)C#N)sc1-c1cc2c(s1)-c1cc3c(cc1C2(c1ccc([R14])cc1)c1ccc([R14])cc1)-c1sc(-c2sc(/C=C4\C(=O)c5cc(F)c(F)cc5C4=C(C#N)C#N)cc2S[R4])cc1C3(c1ccc([R14])cc1)c1ccc([R14])cc1
188,[R4]OC(=O)c1sc2c(-c3cc4c(s3)-c3cc5c(cc3C4(c3ccc([R14])cc3)c3ccc([R14])cc3)-c3sc(-c4sc(/C=C6\C(=O)c7cc(F)ccc7C6=C(C#N)C#N)c6c(F)c(C(=O)O[R4])sc46)cc3C5(c3ccc([R14])cc3)c3ccc([R14])cc3)sc(/C=C3\C(=O)c4cc(F)ccc4C3=C(C#N)C#N)c2c1F
189,[R4]OC(=O)c1sc2c(-c3cc4c(s3)-c3cc5c(cc3C4(c3ccc([R14])cc3)c3ccc([R14])cc3)-c3sc(-c4sc(/C=C6\C(=O)c7cc(F)c(F)cc7C6=C(C#N)C#N)c6c(F)c(C(=O)O[R4])sc46)cc3C5(c3ccc([R14])cc3)c3ccc([R14])cc3)sc(/C=C3\C(=O)c4cc(F)c(F)cc4C3=C(C#N)C#N)c2c1F
190,[R4]OC(=O)c1sc2c(-c3cc4c(s3)-c3cc5c(cc3C4(c3ccc([R14])cc3)c3ccc([R14])cc3)-c3sc(-c4sc(/C=C6\C(=O)c7ccccc7C6=C(C#N)C#N)c6c(F)c(C(=O)O[R4])sc46)cc3C5(c3ccc([R14])cc3)c3ccc([R14])cc3)sc(/C=C3\C(=O)c4ccccc4C3=C(C#N)C#N)c2c1F
191,[R2]OC(=O)c1cc2c(/C=c3/sc(=C(C#N)C#N)n(CC)c3=O)sc(-c3cc4c(s3)-c3cc5c(cc3C4(c3ccc([R14])cc3)c3ccc([R14])cc3)-c3sc(-c4sc(/C=c6/sc(=C(C#N)C#N)n(CC)c6=O)c6cc(C(=O)O[R2])sc46)cc3C5(c3ccc([R14])cc3)c3ccc([R14])cc3)c2s1
192,[R14]C1([R14])c2cc3c(cc2-c2sc(/C=C4\C(=O)c5ccccc5C4=C(C#N)C#N)cc21)C([R14])([R14])c1cc(/C=C2\C(=O)c4ccccc4C2=C(C#N)C#N)sc1-3
193,[R14]c1ccc(C2(c3ccc([R14])cc3)c3cc4c(cc3-c3sc(-c5ccc(/C=C6\SC(=S)N(CC)C6=O)c6nsnc56)cc32)C(c2ccc([R14])cc2)(c2ccc([R14])cc2)c2cc(-c3ccc(/C=C5\SC(=S)N(CC)C5=O)c5nsnc35)sc2-4)cc1
194,[R14]c1ccc(C2(c3ccc([R14])cc3)c3cc4c(cc3-c3sc(-c5ccc(/C=c6/sc(=C(C#N)C#N)n(CCCCCC)c6=O)c6nsnc56)cc32)C(c2ccc([R14])cc2)(c2ccc([R14])cc2)c2cc(-c3ccc(/C=c5/sc(=C(C#N)C#N)n(CCCCCC)c5=O)c5nsnc35)sc2-4)cc1
195,[R2]Oc1ccc(C2(c3ccc(O[R2])cc3)c3cc4c(cc3-c3sc(-c5ccc(/C=C6\SC(=S)N(CC)C6=O)c6nsnc56)cc32)C(c2ccc(O[R2])cc2)(c2ccc(O[R2])cc2)c2cc(-c3ccc(/C=C5\SC(=S)N(CC)C5=O)c5nsnc35)sc2-4)cc1
196,[R2]n1nc2c(/C=C3\SC(=S)N(CC)C3=O)ccc(-c3cc4c(s3)-c3cc5c(cc3C4(c3ccc([R14])cc3)c3ccc([R14])cc3)-c3sc(-c4ccc(/C=C6\SC(=S)N(CC)C6=O)c6nn([R2])nc46)cc3C5(c3ccc([R14])cc3)c3ccc([R14])cc3)c2n1
197,[R2]n1nc2c(/C=C3\SC(=S)N(CC)C3=O)ccc(-c3cc4c(s3)-c3cc5c(cc3C4(c3ccc([R14])cc3)c3ccc([R14])cc3)-c3sc(-c4ccc(/C=C6\SC(=S)N(CC)C6=O)c6nn([R2])nc46)cc3C5(c3ccc([R14])cc3)c3ccc([R14])cc3)c2n1
198,[R14]c1ccc(C2(c3ccc([R14])cc3)c3cc4c(cc3-c3sc(-c5ccc(/C=C6\C(=O)c7ccccc7C6=C(C#N)C#N)s5)cc32)C(c2ccc([R14])cc2)(c2ccc([R14])cc2)c2cc(-c3ccc(/C=C5\C(=O)c6ccccc6C5=C(C#N)C#N)s3)sc2-4)cc1
199,[R14]c1ccc(C2(c3ccc([R14])cc3)c3cc4c(cc3-c3sc(-c5sc(/C=C6\C(=O)c7ccccc7C6=C(C#N)C#N)cc5[R27])cc32)C(c2ccc([R14])cc2)(c2ccc([R14])cc2)c2cc(-c3sc(/C=C5\C(=O)c6ccccc6C5=C(C#N)C#N)cc3[R27])sc2-4)cc1
200,[R14]c1ccc(C2(c3ccc([R14])cc3)c3cc4c(cc3-c3sc(-c5sc(/C=C6\C(=O)c7ccccc7C6=C(C#N)C#N)cc5[R14])cc32)C(c2ccc([R14])cc2)(c2ccc([R14])cc2)c2cc(-c3sc(/C=C5\C(=O)c6ccccc6C5=C(C#N)C#N)cc3[R14])sc2-4)cc1
201,[R14]c1ccc(C2(c3ccc([R14])cc3)c3cc4c(cc3-c3sc5cc(/C=C6\C(=O)c7cc(C)c(C)cc7C6=C(C#N)C#N)sc5c32)C(c2ccc([R14])cc2)(c2ccc([R14])cc2)c2c-4sc3cc(/C=C4\C(=O)c5cc(C)c(C)cc5C4=C(C#N)C#N)sc23)cc1
202,[R14]Sc1ccc(C2(c3ccc(S[R14])cc3)c3cc4c(cc3-c3sc5cc(/C=C6\C(=O)c7ccccc7C6=C(C#N)C#N)sc5c32)C(c2ccc(S[R14])cc2)(c2ccc(S[R14])cc2)c2c-4sc3cc(/C=C4\C(=O)c5ccccc5C4=C(C#N)C#N)sc23)cc1
203,[R2]Sc1ccc(C2(c3ccc(S[R2])cc3)c3cc4c(cc3-c3sc5cc(/C=C6\C(=O)c7ccccc7C6=C(C#N)C#N)sc5c32)C(c2ccc(S[R2])cc2)(c2ccc(S[R2])cc2)c2c-4sc3cc(/C=C4\C(=O)c5ccccc5C4=C(C#N)C#N)sc23)cc1
204,[R4]Sc1ccc(C2(c3ccc(S[R4])cc3)c3cc4c(cc3-c3sc5cc(/C=C6\C(=O)c7ccccc7C6=C(C#N)C#N)sc5c32)C(c2ccc(S[R4])cc2)(c2ccc(S[R4])cc2)c2c-4sc3cc(/C=C4\C(=O)c5ccccc5C4=C(C#N)C#N)sc23)cc1
205,*c1ccc(C2(c3ccc(*)cc3)c3cc4c(cc3-c3sc5cc(C=C6C(=O)c7cc(F)ccc7C6=C(C#N)C#N)sc5c32)C(c2ccc(*)cc2)(c2ccc(*)cc2)c2c-4sc3cc(C=C4C(=O)c5cc(F)ccc5C4=C(C#N)C#N)sc23)cc1
206,[R14]c1ccc(C2(c3ccc([R14])cc3)c3cc4c(cc3-c3sc5cc(/C=C6\C(=O)c7cc(F)c(F)cc7C6=C(C#N)C#N)sc5c32)C(c2ccc([R14])cc2)(c2ccc([R14])cc2)c2c-4sc3cc(/C=C4\C(=O)c5cc(F)c(F)cc5C4=C(C#N)C#N)sc23)cc1
207,[R4]C1([R4])c2cc(-c3ccc(/C=C4\C(=O)c5ccccc5C4=C(C#N)C#N)s3)ccc2-c2ccc(-c3ccc(/C=C4\C(=O)c5ccccc5C4=C(C#N)C#N)s3)cc21
208,[R15]C1([R15])c2cc(-c3ccc(/C=c4/sc(=C(C#N)C#N)n(CCCCCC)c4=O)c4nsnc34)ccc2-c2ccc(-c3ccc(/C=c4/sc(=C(C#N)C#N)n(CCCCCC)c4=O)c4nsnc34)cc21
209,[R2]C1([R2])c2cc(-c3sc(/C=C4\C(=O)c5ccccc5C4=C(C#N)C#N)cc3[R14])ccc2-c2ccc(-c3sc(/C=C4\C(=O)c5ccccc5C4=C(C#N)C#N)cc3[R14])cc21
210,[R4]c1ccc(-c2c3sc4c(c3c(-c3ccc([R4])s3)c3sc5c(c23)C(c2ccc([R14])cc2)(c2ccc([R14])cc2)c2cc(/C=C3\C(=O)c6ccccc6C3=C(C#N)C#N)sc2-5)C(c2ccc([R14])cc2)(c2ccc([R14])cc2)c2cc(/C=C3\C(=O)c5ccccc5C3=C(C#N)C#N)sc2-4)s1
211,[R4]Oc1c2sc3c(c2c(O[R4])c2sc4c(c12)C(c1ccc([R14])cc1)(c1ccc([R14])cc1)c1cc(/C=C2\C(=O)c5cc(Cl)c(O)cc5C2=C(C#N)C#N)sc1-4)C(c1ccc([R14])cc1)(c1ccc([R14])cc1)c1cc(/C=C2\C(=O)c4cc(Cl)c(Cl)cc4C2=C(C#N)C#N)sc1-3
212,[R14]c1ccc(C2(c3ccc([R14])cc3)c3cc4c(cc3-c3sc(/C=C5\C(=O)c6ccccc6C5=C(C#N)C#N)cc32)C(c2ccc([R14])cc2)(c2ccc([R14])cc2)c2cc(/C=C3\C(=O)c5ccccc5C3=C(C#N)C#N)sc2-4)cc1
213,[R14]c1ccc(C2(c3ccc([R14])cc3)c3cc(/C=C4\C(=O)c5ccccc5C4=C(C#N)C#N)sc3-c3c2ccc2c4c(ccc32)C(c2ccc([R14])cc2)(c2ccc([R14])cc2)c2cc(/C=C3\C(=O)c5ccccc5C3=C(C#N)C#N)sc2-4)cc1
214,*c1ccc(C2(c3ccc(*)cc3)c3cc(C=C4C(=O)c5cc(F)ccc5C4=C(C#N)C#N)sc3-c3c2ccc2c4c(ccc32)C(c2ccc(*)cc2)(c2ccc(*)cc2)c2cc(C=C3C(=O)c5cc(F)ccc5C3=C(C#N)C#N)sc2-4)cc1
215,[R14]c1ccc(C2(c3ccc([R14])cc3)c3cc(/C=C4\C(=O)c5ccc(OC)cc5C4=C(C#N)C#N)sc3-c3c2ccc2c4c(ccc32)C(c2ccc([R14])cc2)(c2ccc([R14])cc2)c2cc(/C=C3\C(=O)c5ccc(OC)cc5C3=C(C#N)C#N)sc2-4)cc1
216,[R14]c1ccc(C2(c3ccc([R14])cc3)c3cc(/C=C4\C(=O)c5ccc(C)cc5C4=C(C#N)C#N)sc3-c3c2ccc2c4c(ccc32)C(c2ccc([R14])cc2)(c2ccc([R14])cc2)c2cc(/C=C3\C(=O)c5ccc(C)cc5C3=C(C#N)C#N)sc2-4)cc1
217,[R4]n1c2c3sc(/C=C4\C(=O)c5cc(F)c(F)cc5C4=C(C#N)C#N)c([R20])c3sc2c2c3nsnc3c3c4sc5c([R20])c(/C=C6\C(=O)c7cc(F)c(F)cc7C6=C(C#N)C#N)sc5c4n([R4])c3c21
218,[R14]c1ccc(C2(c3ccc([R14])cc3)c3cc4c(cc3-c3sc5c([R14])c(/C=C6\C(=O)c7ccccc7C6=C(C#N)C#N)sc5c32)C(c2ccc([R14])cc2)(c2ccc([R14])cc2)c2c-4sc3c([R14])c(/C=C4\C(=O)c5ccccc5C4=C(C#N)C#N)sc23)cc1
219,[R1]C1([R1])c2cc3c(cc2C2C1c1cc4c(cc1C2([R1])[R1])-c1sc(/C=C2\C(=O)c5cc(F)ccc5C2=C(C#N)C#N)cc1C4)Cc1cc(/C=C2\C(=O)c4cc(F)ccc4C2=C(C#N)C#N)sc1-3
220,[R14]c1ccc(C2(c3ccc([R14])cc3)c3cc4c(cc3-c3sc5cc(/C=C6\C(=O)c7cc(F)c(C)cc7C6=C(C#N)C#N)sc5c32)C(c2ccc([R14])cc2)(c2ccc([R14])cc2)c2c-4sc3cc(/C=C4\C(=O)c5cc(F)c(C)cc5C4=C(C#N)C#N)sc23)cc1
221,[R2]OC(=O)c1cc2c(/C=C3\C(=O)c4ccccc4C3=C(C#N)C#N)sc(-c3cc4c(s3)-c3cc5c(cc3C4(c3cccc(O[R14])c3)c3cccc(O[R14])c3)-c3sc(-c4sc(/C=C6\C(=O)c7ccccc7C6=C(C#N)C#N)c6cc(C(=O)O[R2])sc46)cc3C5(c3cccc(O[R14])c3)c3cccc(O[R14])c3)c2s1
222,[R2]OC(=O)c1cc2c(/C=c3/sc(=C(C#N)C#N)n(CC)c3=O)sc(-c3cc4c(s3)-c3cc5c(cc3C4(c3cccc([R14])c3)c3cccc([R14])c3)-c3sc(-c4sc(/C=c6/sc(=C(C#N)C#N)n(CC)c6=O)c6cc(C(=O)O[R2])sc46)cc3C5(c3cccc([R14])c3)c3cccc([R14])c3)c2s1
223,[R4]n1nc2c(n1)c1c3sc4cc(/C=C5\C(=O)c6ccccc6C5=C(C#N)C#N)sc4c3n([R4])c1c1c2c2sc3cc(/C=C4\C(=O)c5ccccc5C4=C(C#N)C#N)sc3c2n1[R4]
224,[R4]n1nc2c(n1)c1c3sc4cc(/C=C5\C(=O)c6cscc6C5=C(C#N)C#N)sc4c3n([R4])c1c1c2c2sc3cc(/C=C4\C(=O)c5cscc5C4=C(C#N)C#N)sc3c2n1[R4]
225,[R2][Si]1([R2])c2cc(/C=C3\C(=O)c4cc(Cl)c(Cl)cc4C3=C(C#N)C#N)sc2-c2sc(-c3cc4c(-c5ccc([R4])s5)c5sc(-c6cc7c(s6)-c6sc(/C=C8\C(=O)c9cc(Cl)c(Cl)cc9C8=C(C#N)C#N)cc6[Si]7([R2])[R2])cc5c(-c5ccc([R4])s5)c4s3)cc21
226,[R2]C1([R2])c2cc(/C=C3\C(=O)c4cc(Cl)c(Cl)cc4C3=C(C#N)C#N)sc2-c2sc(-c3cc4c(-c5ccc([R4])s5)c5sc(-c6cc7c(s6)-c6sc(/C=C8\C(=O)c9cc(Cl)c(Cl)cc9C8=C(C#N)C#N)cc6C7([R2])[R2])cc5c(-c5ccc([R4])s5)c4s3)cc21
227,[R2]n1nc2c(/C=C/c3ccc(C#N)cc3)ccc(-c3cc4c(s3)-c3cc5c(cc3C4(c3ccc([R14])cc3)c3ccc([R14])cc3)-c3sc(-c4ccc(/C=C/c6ccc(C#N)cc6)c6nn([R2])nc46)cc3C5(c3ccc([R14])cc3)c3ccc([R14])cc3)c2n1
228,[R2]n1nc2c(/C=c3\sc(=C(C#N)C#N)n(CC)c3=O)ccc(-c3cc4c(s3)-c3cc5c(cc3C4(c3ccc([R14])cc3)c3ccc([R14])cc3)-c3sc(-c4ccc(/C=c6\sc(=C(C#N)C#N)n(CC)c6=O)c6nn([R2])nc46)cc3C5(c3ccc([R14])cc3)c3ccc([R14])cc3)c2n1
229,[R2]n1nc2c(/C=C/C3C(C#N)C(=C(C#N)C#N)OC3(C)C)ccc(-c3cc4c(s3)-c3cc5c(cc3C4(c3ccc([R14])cc3)c3ccc([R14])cc3)-c3sc(-c4ccc(/C=C/C6C(C#N)C(=C(C#N)C#N)OC6(C)C)c6nn([R2])nc46)cc3C5(c3ccc([R14])cc3)c3ccc([R14])cc3)c2n1
230,[R14]c1ccc(C2(c3ccc([R14])cc3)c3cc(/C=C4\C(=O)c5cc(F)c(F)cc5C4=C(C#N)C#N)sc3-c3cc4ccc5c6c(cc7ccc(c32)c4c75)-c2sc(/C=C3\C(=O)c4cc(F)c(F)cc4C3=C(C#N)C#N)cc2C6(c2ccc([R14])cc2)c2ccc([R14])cc2)cc1
231,[R14]c1ccc(C2(c3ccc([R14])cc3)c3cc(/C=C4\C(=O)c5cc(F)c(F)cc5C4=C(C#N)C#N)sc3-c3cc4ccc5cc6c(c7ccc(c32)c4c57)C(c2ccc([R14])cc2)(c2ccc([R14])cc2)c2cc(/C=C3\C(=O)c4cc(F)c(F)cc4C3=C(C#N)C#N)sc2-6)cc1
232,[R4]n1c2cc(-c3ccc(/C=C4\SC(=S)N(CC)C4=O)c4nsnc34)ccc2c2cc3c(cc21)c1ccc(-c2ccc(/C=C4\SC(=S)N(CC)C4=O)c4nsnc24)cc1n3[R4]
233,[R4]n1c2cc(-c3ccc(/C=c4\sc(=C(C#N)C#N)n(CC)c4=O)c4nsnc34)ccc2c2cc3c(cc21)c1ccc(-c2ccc(/C=c4\sc(=C(C#N)C#N)n(CC)c4=O)c4nsnc24)cc1n3[R4]
234,[R4]C1([R4])c2cc(/C=C3\C(=O)c4ccccc4C3=C(C#N)C#N)sc2-c2sc(-c3sc(-c4cc5c(s4)-c4sc(/C=C6\C(=O)c7ccccc7C6=C(C#N)C#N)cc4C5([R4])[R4])c(F)c3F)cc21
235,[R4]C1([R4])c2cc(/C=C3\C(=O)c4cc(F)c(F)cc4C3=C(C#N)C#N)sc2-c2sc(-c3sc(-c4cc5c(s4)-c4sc(/C=C6\C(=O)c7cc(F)c(F)cc7C6=C(C#N)C#N)cc4C5([R4])[R4])c(F)c3F)cc21
236,[R14]Oc1cccc(C2(c3cccc(O[R14])c3)c3cc4c(cc3-c3sc5cc(/C=C6\C(=O)c7cc(Cl)c(Cl)cc7C6=C(C#N)C#N)sc5c32)C(c2cccc(O[R14])c2)(c2cccc(O[R14])c2)c2c-4sc3cc(/C=C4\C(=O)c5cc(Cl)c(Cl)cc5C4=C(C#N)C#N)sc23)c1
237,[R4]N1C(=O)c2c(c(-c3ccc(-c4ccc5c6c(cccc46)C(=O)N([R4])C5=O)s3)c3nsnc3c2-c2ccc(-c3ccc4c5c(cccc35)C(=O)N([R4])C4=O)s2)C1=O
238,[R14]c1ccc(C2(c3ccc([R14])cc3)c3cc4c(cc3-c3sc5cc(/C=C6\C(=O)c7ccccc7C6=C(C#N)C#N)sc5c32)C(c2ccc([R14])cc2)(c2ccc([R14])cc2)c2c-4sc3cc(/C=C4\C(=O)c5ccccc5C4=C(C#N)C#N)sc23)cc1
239,[R14]c1ccc(C2(c3ccc([R14])s3)c3cc4c(cc3-c3sc5cc(/C=C6\C(=O)c7ccccc7C6=C(C#N)C#N)sc5c32)C(c2ccc([R14])s2)(c2ccc([R14])s2)c2c-4sc3cc(/C=C4\C(=O)c5ccccc5C4=C(C#N)C#N)sc23)s1
240,*c1ccc(C2(c3ccc(*)s3)c3cc4c(cc3-c3sc5cc(C=C6C(=O)c7cc(F)ccc7C6=C(C#N)C#N)sc5c32)C(c2ccc(*)s2)(c2ccc(*)s2)c2c-4sc3cc(C=C4C(=O)c5cc(F)ccc5C4=C(C#N)C#N)sc23)s1
241,[R14]c1ccc(C2(c3ccc([R14])s3)c3cc4c(cc3-c3sc5cc(/C=C6\C(=O)c7cc(F)c(F)cc7C6=C(C#N)C#N)sc5c32)C(c2ccc([R14])s2)(c2ccc([R14])s2)c2c-4sc3cc(/C=C4\C(=O)c5cc(F)c(F)cc5C4=C(C#N)C#N)sc23)s1
242,[R14]c1ccc(C2(c3ccc([R14])s3)c3cc4c(cc3-c3sc5cc(/C=C6\C(=O)c7ccc(OC)cc7C6=C(C#N)C#N)sc5c32)C(c2ccc([R14])s2)(c2ccc([R14])s2)c2c-4sc3cc(/C=C4\C(=O)c5ccc(OC)cc5C4=C(C#N)C#N)sc23)s1
243,[R14]c1ccc(C2(c3ccc([R14])cc3)c3cc4c(cc3-c3sc5cc(/C=C6\C(=O)c7c(csc7C)C6=C(C#N)C#N)sc5c32)C(c2ccc([R14])cc2)(c2ccc([R14])cc2)c2c-4sc3cc(/C=C4\C(=O)c5c(csc5C)C4=C(C#N)C#N)sc23)cc1
244,[R14]c1ccc(C2(c3ccc([R14])cc3)c3cc4c(cc3-c3sc5cc(/C=C6\C(=O)c7cscc7C6=C(C#N)C#N)sc5c32)C(c2ccc([R14])cc2)(c2ccc([R14])cc2)c2c-4sc3cc(/C=C4\C(=O)c5cscc5C4=C(C#N)C#N)sc23)cc1
245,[R14]c1ccc(C2(c3ccc([R14])cc3)c3cc(/C=C4\C(=O)c5ccccc5C4=C(C#N)C#N)sc3-c3sc4cc5c6c(sc5cc4c32)-c2sc(/C=C3\C(=O)c4ccccc4C3=C(C#N)C#N)cc2C6(c2ccc([R14])cc2)c2ccc([R14])cc2)cc1
246,[R14]c1ccc(C2(c3ccc([R14])cc3)c3cc(/C=C4\C(=O)c5cscc5C4=C(C#N)C#N)sc3-c3sc4cc5c6c(sc5cc4c32)-c2sc(/C=C3\C(=O)c4cscc4C3=C(C#N)C#N)cc2C6(c2ccc([R14])cc2)c2ccc([R14])cc2)cc1
247,[R14]c1ccc(C2(c3ccc([R14])cc3)c3cc(/C=C4\C(=O)c5c(csc5C)C4=C(C#N)C#N)sc3-c3sc4cc5c6c(sc5cc4c32)-c2sc(/C=C3\C(=O)c4c(csc4C)C3=C(C#N)C#N)cc2C6(c2ccc([R14])cc2)c2ccc([R14])cc2)cc1
248,[R4]C1([R4])c2cc(/C=C3\C(=O)c4ccccc4C3=C(C#N)C#N)sc2-c2sc(-c3cc(F)c(-c4cc5c(s4)-c4sc(/C=C6\C(=O)c7ccccc7C6=C(C#N)C#N)cc4C5([R4])[R4])cc3F)cc21
249,[R4]C1([R4])c2cc(/C=C3\C(=O)c4cc5ccccc5cc4C3=C(C#N)C#N)sc2-c2sc(-c3cc(F)c(-c4cc5c(s4)-c4sc(/C=C6\C(=O)c7cc8ccccc8cc7C6=C(C#N)C#N)cc4C5([R4])[R4])cc3F)cc21
250,[R14]c1ccc(C2(c3ccc([R14])cc3)c3cc4c(cc3-c3sc5cc(/C=C6\C(=O)c7ccsc7C6=C(C#N)C#N)sc5c32)C(c2ccc([R14])cc2)(c2ccc([R14])cc2)c2c-4sc3cc(/C=C4\C(=O)c5ccsc5C4=C(C#N)C#N)sc23)cc1
251,[R1]C1([R1])c2cc3c(cc2-c2sc(/C=C4\C(=O)c5ccccc5C4=C(C#N)C#N)cc21)C([R1])([R1])c1cc(/C=C2\C(=O)c4ccccc4C2=C(C#N)C#N)sc1-3
252,[R1]C1([R1])c2cc3c(cc2-c2sc4cc(/C=C5\C(=O)c6ccccc6C5=C(C#N)C#N)sc4c21)C([R1])([R1])c1c-3sc2cc(/C=C3\C(=O)c4ccccc4C3=C(C#N)C#N)sc12
253,[R14]c1ccc(C2(c3ccc([R14])cc3)c3cc4c(cc3-c3sc(-c5ccc(/C=C6\SC(=S)N(CC)C6=O)c6nn([R14])nc56)cc32)C([R14])([R14])c2cc3c(cc2-4)C(c2ccc([R14])cc2)(c2ccc([R14])cc2)c2cc(-c4ccc(/C=C5\SC(=S)N(CC)C5=O)c5nn([R14])nc45)sc2-3)cc1
254,*c1ccc(C2(c3ccc(*)cc3)c3cc4c(cc3-c3sc(C=C5C(=O)c6cc(F)ccc6C5=C(C#N)C#N)cc32)C(c2ccc(*)cc2)(c2ccc(*)cc2)c2cc(C=C3C(=O)c5cc(F)ccc5C3=C(C#N)C#N)sc2-4)cc1
255,[R14]c1ccc(C2(c3ccc([R14])cc3)c3c(sc4cc(/C=C5\C(=O)c6cc(F)c(F)cc6C5=C(C#N)C#N)sc34)-c3sc4c5c(sc4c32)-c2sc3cc(/C=C4\C(=O)c6cc(F)c(F)cc6C4=C(C#N)C#N)sc3c2C5(c2ccc([R14])cc2)c2ccc([R14])cc2)cc1
256,[R14]c1ccc(C2(c3ccc([R14])cc3)c3cc(/C=C4\C(=O)c5cc(F)c(F)cc5C4=C(C#N)C#N)sc3-c3sc4c5c(sc4c32)-c2sc(/C=C3\C(=O)c4cc(F)c(F)cc4C3=C(C#N)C#N)cc2C5(c2ccc([R14])cc2)c2ccc([R14])cc2)cc1
257,[R14]c1ccc(C2(c3ccc([R14])cc3)c3cc4c(cc3-c3sc5cc(-c6ccc(/C=c7\sc(=C(C#N)C#N)n(CC)c7=O)c7nsnc67)sc5c32)C(c2ccc([R14])cc2)(c2ccc([R14])cc2)c2c-4sc3cc(-c4ccc(/C=c5\sc(=C(C#N)C#N)n(CC)c5=O)c5nsnc45)sc23)cc1
258,[R14]c1ccc(C2(c3ccc([R14])cc3)c3cc4c(cc3-c3sc5cc(-c6ccc(/C=c7\sc(=C(C#N)C#N)n(CCCC)c7=O)c7nsnc67)sc5c32)C(c2ccc([R14])cc2)(c2ccc([R14])cc2)c2c-4sc3cc(-c4ccc(/C=c5\sc(=C(C#N)C#N)n(CCCC)c5=O)c5nsnc45)sc23)cc1
259,[R14]c1ccc(C2(c3ccc([R14])cc3)c3cc4c(cc3-c3sc5cc(-c6ccc(/C=c7\sc(=C(C#N)C#N)n(CCCCCC)c7=O)c7nsnc67)sc5c32)C(c2ccc([R14])cc2)(c2ccc([R14])cc2)c2c-4sc3cc(-c4ccc(/C=c5\sc(=C(C#N)C#N)n(CCCCCC)c5=O)c5nsnc45)sc23)cc1
260,[R14]c1ccc(C2(c3ccc([R14])cc3)c3cc4c(cc3-c3sc5cc(-c6ccc(/C=c7\sc(=C(C#N)C#N)n(CCCCCCCC)c7=O)c7nsnc67)sc5c32)C(c2ccc([R14])cc2)(c2ccc([R14])cc2)c2c-4sc3cc(-c4ccc(/C=c5\sc(=C(C#N)C#N)n(CCCCCCCC)c5=O)c5nsnc45)sc23)cc1
261,[R14]c1cccc(C2(c3cccc([R14])c3)c3cc4c(cc3-c3sc5cc(/C=C6\C(=O)c7c(csc7C)C6=C(C#N)C#N)sc5c32)C(c2cccc([R14])c2)(c2cccc([R14])c2)c2c-4sc3cc(/C=C4\C(=O)c5c(csc5C)C4=C(C#N)C#N)sc23)c1
262,[R14]c1cccc(C2(c3cccc([R14])c3)c3cc4c(cc3-c3sc5cc(/C=C6\C(=O)c7ccccc7C6=C(C#N)C#N)sc5c32)C(c2cccc([R14])c2)(c2cccc([R14]C)c2)c2c-4sc3cc(/C=C4\C(=O)c5ccccc5C4=C(C#N)C#N)sc23)c1
264,[R14]c1ccc(C2(c3ccc([R14])cc3)c3cc4c(cc3-c3sc5cc(/C=C6\C(=O)c7ccc(C)cc7C6=C(C#N)C#N)sc5c32)C(c2ccc([R14])cc2)(c2ccc([R14])cc2)c2c-4sc3cc(/C=C4\C(=O)c5ccc(C)cc5C4=C(C#N)C#N)sc23)cc1
265,[R4]Oc1cc(/C=C2\C(=O)c3cc(Cl)c(Cl)cc3C2=C(C#N)C#N)sc1-c1cc2c(s1)-c1cc3c(cc1C2(c1ccc([R14])cc1)c1ccc([R14])cc1)-c1sc(-c2sc(/C=C4\C(=O)c5cc(Cl)c(Cl)cc5C4=C(C#N)C#N)cc2O[R4])cc1C3(c1ccc([R14])cc1)c1ccc([R14])cc1
266,[R4]Oc1cc(/C=C2\C(=O)c3cc(F)c(F)cc3C2=C(C#N)C#N)sc1-c1cc2c(s1)-c1cc3c(cc1C2(c1ccc([R14])cc1)c1ccc([R14])cc1)-c1sc(-c2sc(/C=C4\C(=O)c5cc(F)c(F)cc5C4=C(C#N)C#N)cc2O[R4])cc1C3(c1ccc([R14])cc1)c1ccc([R14])cc1
267,[R4]Oc1c(/C=C2\C(=O)c3cc(F)c(F)cc3C2=C(C#N)C#N)csc1-c1cc2c(s1)-c1cc3c(cc1C2(c1ccc([R14])cc1)c1ccc([R14])cc1)-c1sc(-c2scc(/C=C4\C(=O)c5cc(F)c(F)cc5C4=C(C#N)C#N)c2O[R4])cc1C3(c1ccc([R14])cc1)c1ccc([R14])cc1
268,[R14]c1ccc(C2(c3ccc([R14])cc3)c3cc4c(cc3-c3sc5cc(/C=C/C=C6\C(=O)c7ccccc7C6=C(C#N)C#N)sc5c32)C(c2ccc([R14])cc2)(c2ccc([R14])cc2)c2c-4sc3cc(/C=C/C=C4\C(=O)c5ccccc5C4=C(C#N)C#N)sc23)cc1
269,*c1ccc(C2(c3ccc(*)cc3)c3cc4c(cc3-c3sc5cc(C=CC=C6C(=O)c7cc(F)ccc7C6=C(C#N)C#N)sc5c32)C(c2ccc(*)cc2)(c2ccc(*)cc2)c2c-4sc3cc(C=CC=C4C(=O)c5cc(F)ccc5C4=C(C#N)C#N)sc23)cc1
270,[R14]c1ccc(C2(c3ccc([R14])cc3)c3cc4c(cc3-c3sc5cc(/C=C/C=C6\C(=O)c7cc(F)c(F)cc7C6=C(C#N)C#N)sc5c32)C(c2ccc([R14])cc2)(c2ccc([R14])cc2)c2c-4sc3cc(/C=C/C=C4\C(=O)c5cc(F)c(F)cc5C4=C(C#N)C#N)sc23)cc1
271,[R14]c1ccc(C2(c3ccc([R14])cc3)c3cc4c(cc3-c3sc(/C=C5\C(=O)c6ccccc6C5=C(C#N)C#N)cc32)C(c2ccc([R14])cc2)(c2ccc([R14])cc2)c2cc(/C=C3\C(=O)c5ccccc5C3=C(C#N)C#N)sc2-4)cc1
272,[R14]c1ccc(C2(c3ccc([R14])cc3)c3cc4c(cc3-c3sc(/C=C/C=C5\C(=O)c6ccccc6C5=C(C#N)C#N)cc32)C(c2ccc([R14])cc2)(c2ccc([R14])cc2)c2cc(/C=C/C=C3\C(=O)c5ccccc5C3=C(C#N)C#N)sc2-4)cc1
273,[R14]C1([R14])c2cc3c(cc2-c2sc(/C=C4\C(=O)c5ccccc5C4=C(C#N)C#N)cc21)C([R14])([R14])c1cc(/C=C2\C(=O)c4ccccc4C2=C(C#N)C#N)sc1-3
274,[R4]Oc1c2sc3c(c2c(O[R4])c2sc4c(c12)C(c1ccc([R14])cc1)(c1ccc([R14])cc1)c1cc(/C=C2\C(=O)c5ccccc5C2=C(C#N)C#N)sc1-4)C(c1ccc([R14])cc1)(c1ccc([R14])cc1)c1cc(/C=C2\C(=O)c4ccccc4C2=C(C#N)C#N)sc1-3
275,[R14]c1ccc(C2(c3ccc([R14])cc3)c3cc4c(cc3-c3sc(/C=C5\C(=O)c6ccccc6C5=C(C#N)C#N)cc32)C(c2ccc([R14])cc2)(c2ccc([R14])cc2)c2c-4sc3cc(/C=C4\C(=O)c5ccccc5C4=C(C#N)C#N)sc23)cc1
276,[R2]n1nc2c(/C=c3/sc(=C(C#N)C#N)n(CC)c3=O)ccc(-c3cc4sc5c(c4s3)C(c3ccc([R14])cc3)(c3ccc([R14])cc3)c3cc4c(cc3-5)C(c3ccc([R14])cc3)(c3ccc([R14])cc3)c3c-4sc4cc(-c5ccc(/C=c6/sc(=C(C#N)C#N)n(CC)c6=O)c6nn([R2])nc56)sc34)c2n1
277,[R7]c1ccc(C2(c3ccc([R7])cc3)c3cc4c(cc3-c3sc5cc(/C=C6\C(=O)c7cc8ccccc8cc7C6=C(C#N)C#N)sc5c32)C(c2ccc([R7])cc2)(c2ccc([R7])cc2)c2c-4sc3cc(/C=C4\C(=O)c5cc6ccccc6cc5C4=C(C#N)C#N)sc23)cc1
278,[R7]Oc1ccc(C2(c3ccc(O[R7])cc3)c3cc4c(cc3-c3sc5cc(/C=C6\C(=O)c7cc8ccccc8cc7C6=C(C#N)C#N)sc5c32)C(c2ccc(O[R7])cc2)(c2ccc(O[R7])cc2)c2c-4sc3cc(/C=C4\C(=O)c5cc6ccccc6cc5C4=C(C#N)C#N)sc23)cc1
279,[R14]c1ccc(C2(c3ccc([R14])cc3)c3c(sc4cc(/C=C5\C(=O)c6ccccc6C5=C(C#N)C#N)sc34)-c3sc4c5c(sc4c32)-c2sc3cc(/C=C4\C(=O)c6ccccc6C4=C(C#N)C#N)sc3c2C5(c2ccc([R14])cc2)c2ccc([R14])cc2)cc1
280,[R2]C1([R2])c2cc(-c3sc(/C=C4/SC(=S)N(CC)C4=O)c4nc(-c5ccccc5)c(-c5ccccc5)nc34)ccc2-c2ccc(-c3sc(/C=C4/SC(=S)N(CC)C4=O)c4nc(-c5ccccc5)c(-c5ccccc5)nc34)cc21
281,[R14]c1ccc(C2(c3ccc([R14])cc3)c3cc4c(cc3-c3sc(-c5ccc(/C=C6\SC(=S)N(CC)C6=O)c6nsnc56)cc32)C(c2ccc([R14])cc2)(c2ccc([R14])cc2)c2cc(-c3ccc(/C=C5\SC(=S)N(CC)C5=O)c5nsnc35)sc2-4)cc1
282,[R14]c1ccc(C2(c3ccc([R14])cc3)c3cc4c(cc3-c3sc(-c5ccc(/C=C6\SC(=S)N(CC(F)(F)F)C6=O)c6nsnc56)cc32)C(c2ccc([R14])cc2)(c2ccc([R14])cc2)c2cc(-c3ccc(/C=C5\SC(=S)N(CC(F)(F)F)C5=O)c5nsnc35)sc2-4)cc1
283,[R14]c1ccc(C2(c3ccc([R14])cc3)c3cc4c(cc3-c3sc(-c5ccc(/C=C6\SC(=S)N(COC)C6=O)c6nsnc56)cc32)C(c2ccc([R14])cc2)(c2ccc([R14])cc2)c2cc(-c3ccc(/C=C5\SC(=S)N(COC)C5=O)c5nsnc35)sc2-4)cc1
284,[R14]c1ccc(C2(c3ccc([R14])cc3)c3cc4c(cc3-c3sc(-c5ccc(/C=C6\SC(=S)N(N7CCCCC7)C6=O)c6nsnc56)cc32)C(c2ccc([R14])cc2)(c2ccc([R14])cc2)c2cc(-c3ccc(/C=C5\SC(=S)N(N6CCCCC6)C5=O)c5nsnc35)sc2-4)cc1
285,[R14]c1ccc(C2(c3ccc([R14])cc3)c3cc4c(cc3-c3sc(/C=C5\C(=O)c6ccccc6C5=C(C#N)C#N)cc32)C(c2ccc([R14])cc2)(c2ccc([R14])cc2)c2cc(/C=C3\C(=O)c5ccccc5C3=C(C#N)C#N)sc2-4)cc1
286,[R14]Oc1ccc(C2(c3ccc(O[R14])cc3)c3cc4c(cc3-c3sc(/C=C5\C(=O)c6ccccc6C5=C(C#N)C#N)cc32)C(c2ccc(O[R14])cc2)(c2ccc(O[R14])cc2)c2cc(/C=C3\C(=O)c5ccccc5C3=C(C#N)C#N)sc2-4)cc1
287,[R14]Oc1ccc2c(c1)-c1cc(O[R14])ccc1C21c2cc3c(cc2-c2sc(/C=C4\C(=O)c5ccccc5C4=C(C#N)C#N)cc21)C1(c2ccc(O[R14])cc2-c2cc(O[R14])ccc21)c1cc(/C=C2\C(=O)c4ccccc4C2=C(C#N)C#N)sc1-3
288,[R2]c1cc(/C=C2\C(=O)c3ccccc3C2=C(C#N)C#N)sc1-c1ccc2c(c1)C([R2])([R2])c1cc3c(cc1-2)C([R2])([R2])c1cc(-c2sc(/C=C4\C(=O)c5ccccc5C4=C(C#N)C#N)cc2[R2])ccc1-3
289,[R2]C1([R2])c2cc(-c3ccc(/C=C4\C(=O)c5ccccc5C4=C(C#N)C#N)s3)ccc2-c2cc3c(cc21)-c1ccc(-c2ccc(/C=C4\C(=O)c5ccccc5C4=C(C#N)C#N)s2)cc1C3([R2])[R2]
290,[R2]c1cc(/C=C2\C(=O)c3cc(F)c(F)cc3C2=C(C#N)C#N)sc1-c1ccc2c(c1)C([R2])([R2])c1cc3c(cc1-2)C([R2])([R2])c1cc(-c2sc(/C=C4\C(=O)c5cc(F)c(F)cc5C4=C(C#N)C#N)cc2[R2])ccc1-3
291,[R2]C1([R2])c2cc(-c3ccc(/C=C4\C(=O)c5cc(F)c(F)cc5C4=C(C#N)C#N)s3)ccc2-c2cc3c(cc21)-c1ccc(-c2ccc(/C=C4\C(=O)c5cc(F)c(F)cc5C4=C(C#N)C#N)s2)cc1C3([R2])[R2]
292,*Oc1c2sc3c(c2c(O*)c2sc4c(c12)C(c1ccc(*)cc1)(c1ccc(*)cc1)c1cc(C=C2C(=O)c5cc(F)ccc5C2=C(C#N)C#N)sc1-4)C(c1ccc(*)cc1)(c1ccc(*)cc1)c1cc(C=C2C(=O)c4cc(F)ccc4C2=C(C#N)C#N)sc1-3
293,[R4]Oc1c2sc3c(c2c(O[R4])c2sc4c(c12)C(c1ccc([R14])cc1)(c1ccc([R14])cc1)c1cc(/C=C2\C(=O)c5cc(F)c(F)cc5C2=C(C#N)C#N)sc1-4)C(c1ccc([R14])cc1)(c1ccc([R14])cc1)c1cc(/C=C2\C(=O)c4cc(F)c(F)cc4C2=C(C#N)C#N)sc1-3
294,[R1]c1ccc(C2(c3ccc([R1])cc3)c3cc4c(cc3-c3sc(-c5sc(/C=c6/sc(=C(C#N)C#N)n(CCCCCCCC)c6=O)c6cc(C(F)(F)F)sc56)cc32)C(c2ccc([R1])cc2)(c2ccc([R1])cc2)c2cc(-c3sc(/C=c5/sc(=C(C#N)C#N)n(CCCCCCCC)c5=O)c5cc(C(F)(F)F)sc35)sc2-4)cc1
