,Donor,Acceptor,DA_pair_fragments,y_diff,y_measured,y_pred
4,J52,BTA13,"['_PAD', '_PAD', 'CCCCCCCCC(CCCCCC)Cn1nc2cc(F)c(F)cc2n1', 'c1ccsc1', 'CCCCC(CC)Cc1ccc(-c2c3ccsc3c(-c3ccc(CCCCC(C)CC)s3)c3ccsc23)s1', 'c1ccsc1', '.', 'CCCCCCCCn1nc2ccccc2n1', 'c1cc2sccc2s1', 'c1cc2sccc2s1', 'CCCCCCCCn1nc2ccccc2n1', 'c1ccccc1', 'CCCCCCc1ccc(Cc2ccc(CCCCCC)cc2)cc1', 'CCCCCCc1ccc(Cc2ccc(CCCCCC)cc2)cc1', 'C=c1sc(=C(C#N)C#N)n(CC)c1=O', 'C=c1sc(=C(C#N)C#N)n(CC)c1=O']",3.7426453,7.82,4.077355
5,J52-F,BTA13,"['_PAD', '_PAD', 'CCCCCCCCC(CCCCCC)Cn1nc2cc(F)c(F)cc2n1', 'c1ccsc1', 'CCCCC(CC)Cc1sc(-c2c3ccsc3c(-c3cc(F)c(CCCCC(C)CC)s3)c3ccsc23)cc1F', 'c1ccsc1', '.', 'CCCCCCCCn1nc2ccccc2n1', 'c1cc2sccc2s1', 'c1cc2sccc2s1', 'CCCCCCCCn1nc2ccccc2n1', 'c1ccccc1', 'CCCCCCc1ccc(Cc2ccc(CCCCCC)cc2)cc1', 'CCCCCCc1ccc(Cc2ccc(CCCCCC)cc2)cc1', 'C=c1sc(=C(C#N)C#N)n(CC)c1=O', 'C=c1sc(=C(C#N)C#N)n(CC)c1=O']",4.6904116,8.36,3.6695879
6,J52-FS,BTA13,"['_PAD', '_PAD', 'CCCCCCCCC(CCCCCC)Cn1nc2cc(F)c(F)cc2n1', 'c1ccsc1', 'CCCCC(CC)CSc1sc(-c2c3ccsc3c(-c3cc(F)c(SCC(CC)CCCC)s3)c3ccsc23)cc1F', 'c1ccsc1', '.', 'CCCCCCCCn1nc2ccccc2n1', 'c1cc2sccc2s1', 'c1cc2sccc2s1', 'CCCCCCCCn1nc2ccccc2n1', 'c1ccccc1', 'CCCCCCc1ccc(Cc2ccc(CCCCCC)cc2)cc1', 'CCCCCCc1ccc(Cc2ccc(CCCCCC)cc2)cc1', 'C=c1sc(=C(C#N)C#N)n(CC)c1=O', 'C=c1sc(=C(C#N)C#N)n(CC)c1=O']",4.3055143,3.84,8.1455145
14,J61,SJ-IC,"['_PAD', '_PAD', '_PAD', '_PAD', 'c1ccsc1', 'CCCCCCCCC(CCCCCC)Cn1nc2cc(F)c(F)cc2n1', 'CCCCCCCCCCCCSSc1ccc(-c2c3ccsc3c(-c3ccc(SSCCCCCCCCCCCC)s3)c3ccsc23)s1', 'c1ccsc1', '.', 'c1ccsc1', 'c1ccsc1', 'c1ccccc1', 'CCCCCCc1ccc(Cc2ccc(CCCCCC)cc2)cc1', 'CCCCCCc1ccc(Cc2ccc(CCCCCC)cc2)cc1', 'C=C/C=C1\\C(=O)c2ccccc2C1=C(C#N)C#N', 'C=C/C=C1\\C(=O)c2ccccc2C1=C(C#N)C#N']",4.720538,9.27,4.5494623
18,J71,IDTT-OBH,"['_PAD', '_PAD', '_PAD', '_PAD', 'CCCCCCCCC(CCCCCC)Cn1nc2cc(F)c(F)cc2n1', 'c1ccsc1', 'CCC[Si](CCC)(CCC)c1ccc(-c2c3ccsc3c(-c3ccc([Si](CCC)(CCC)CCC)s3)c3ccsc23)s1', 'c1ccsc1', '.', 'c1cc2sccc2s1', 'c1cc2sccc2s1', 'c1ccccc1', 'CCCCCCC(CCCC)CSOc1ccc(Cc2ccc(OSCC(CCCC)CCCCCC)cc2)cc1', 'CCCCCCC(CCCC)CSOc1ccc(Cc2ccc(OSCC(CCCC)CCCCCC)cc2)cc1', 'C=C1C(=O)c2cc3ccccc3cc2C1=C(C#N)C#N', 'C=C1C(=O)c2cc3ccccc3cc2C1=C(C#N)C#N']",3.3492126,8.02,11.369213
25,J52,i-IEICO-4F,"['_PAD', '_PAD', 'CCCCCCCCC(CCCCCC)Cn1nc2cc(F)c(F)cc2n1', 'c1ccsc1', 'CCCCC(CC)Cc1ccc(-c2c3ccsc3c(-c3ccc(CCCCC(C)CC)s3)c3ccsc23)s1', 'c1ccsc1', '.', 'c1ccsc1', 'CCCCC(CC)COc1ccsc1', 'c1ccsc1', 'CCCCC(CC)COc1ccsc1', 'c1ccccc1', 'CCCCCCc1ccc(Cc2ccc(CCCCCC)cc2)cc1', 'CCCCCCc1ccc(Cc2ccc(CCCCCC)cc2)cc1', 'C=C1C(=O)c2cc(F)c(F)cc2C1=C(C#N)C#N', 'C=C1C(=O)c2cc(F)c(F)cc2C1=C(C#N)C#N']",5.1297903,13.18,8.05021
32,J60,ITIC,"['_PAD', '_PAD', '_PAD', '_PAD', 'CCCCCCCCC(CCCCCC)Cn1nc2cc(F)c(F)cc2n1', 'c1ccsc1', 'CCCCC(CC)CSc1ccc(-c2c3ccsc3c(-c3ccc(SCC(CC)CCCC)s3)c3ccsc23)s1', 'c1ccsc1', '.', 'c1cc2sccc2s1', 'c1cc2sccc2s1', 'c1ccccc1', 'CCCCCCc1ccc(Cc2ccc(CCCCCC)cc2)cc1', 'CCCCCCc1ccc(Cc2ccc(CCCCCC)cc2)cc1', 'C=C1C(=O)c2ccccc2C1=C(C#N)C#N', 'C=C1C(=O)c2ccccc2C1=C(C#N)C#N']",3.3594856,8.97,5.6105146
39,J64,ITIC,"['_PAD', '_PAD', '_PAD', '_PAD', 'CCCCCCCCC(CCCCCC)Cn1nc2cc(F)c(F)cc2n1', 'c1ccsc1', 'c1cc2c(-c3ccc(SSCC4CCCCC4)s3)c3sccc3c(-c3ccc(SSCC4CCCCC4)s3)c2s1', 'c1ccsc1', '.', 'c1cc2sccc2s1', 'c1cc2sccc2s1', 'c1ccccc1', 'CCCCCCc1ccc(Cc2ccc(CCCCCC)cc2)cc1', 'CCCCCCc1ccc(Cc2ccc(CCCCCC)cc2)cc1', 'C=C1C(=O)c2ccccc2C1=C(C#N)C#N', 'C=C1C(=O)c2ccccc2C1=C(C#N)C#N']",3.6997786,7.51,11.209779
44,PBDT[2H]T,ITIC,"['_PAD', '_PAD', '_PAD', '_PAD', '_PAD', '_PAD', 'CCCCC(CC)COc1c2ccsc2c(OCC(CC)CCCC)c2ccsc12', 'c1ccsc1', '.', 'c1cc2sccc2s1', 'c1cc2sccc2s1', 'c1ccccc1', 'CCCCCCc1ccc(Cc2ccc(CCCCCC)cc2)cc1', 'CCCCCCc1ccc(Cc2ccc(CCCCCC)cc2)cc1', 'C=C1C(=O)c2ccccc2C1=C(C#N)C#N', 'C=C1C(=O)c2ccccc2C1=C(C#N)C#N']",5.67231,2.5,8.17231
55,PSBZ,ITIC,"['_PAD', '_PAD', '_PAD', '_PAD', 'c1ccsc1', 'CCCCCCC(CCCC)CSn1nc2cc(F)c(F)cc2n1', 'CCCCCCCCC(CCCCCC)Cc1ccc(-c2c3ccsc3c(-c3ccc(CCCCC(CS)CCCCCC)s3)c3ccsc23)s1', 'c1ccsc1', '.', 'c1cc2sccc2s1', 'c1cc2sccc2s1', 'c1ccccc1', 'CCCCCCc1ccc(Cc2ccc(CCCCCC)cc2)cc1', 'CCCCCCc1ccc(Cc2ccc(CCCCCC)cc2)cc1', 'C=C1C(=O)c2ccccc2C1=C(C#N)C#N', 'C=C1C(=O)c2ccccc2C1=C(C#N)C#N']",3.4656234,10.5,7.0343766
69,J71,ITVIC,"['_PAD', '_PAD', '_PAD', '_PAD', 'CCCCCCCCC(CCCCCC)Cn1nc2cc(F)c(F)cc2n1', 'c1ccsc1', 'CCC[Si](CCC)(CCC)c1ccc(-c2c3ccsc3c(-c3ccc([Si](CCC)(CCC)CCC)s3)c3ccsc23)s1', 'c1ccsc1', '.', 'c1cc2sccc2s1', 'c1cc2sccc2s1', 'c1ccccc1', 'CCCCCCc1ccc(Cc2ccc(CCCCCC)cc2)cc1', 'CCCCCCc1ccc(Cc2ccc(CCCCCC)cc2)cc1', 'C=C/C=C1\\C(=O)c2ccccc2C1=C(C#N)C#N', 'C=C/C=C1\\C(=O)c2ccccc2C1=C(C#N)C#N']",4.263302,7.34,11.603302
104,PTB7-Th,DTPC-IC,"['_PAD', '_PAD', '_PAD', '_PAD', '_PAD', '_PAD', 'CCCCC(CC)Cc1ccc(-c2c3ccsc3c(-c3ccc(CC(CC)CCCC)s3)c3ccsc23)s1', 'CCCCC(CC)COC(=O)c1sc2cscc2c1F', '.', 'c1ccsc1', 'c1ccsc1', 'CCCCCCCCC(CCCCCC)Cn1c2ccc3cccc4c5cccc6ccc1c(c65)c2c34', 'CCCCCCc1ccc(Cc2ccc(CCCCCC)cc2)cc1', 'CCCCCCc1ccc(Cc2ccc(CCCCCC)cc2)cc1', 'C=C1C(=O)c2ccccc2C1=C(C#N)C#N', 'C=C1C(=O)c2ccccc2C1=C(C#N)C#N']",4.370045,3.12,7.490045
105,PTB7-Th,DTPC-DFIC,"['_PAD', '_PAD', '_PAD', '_PAD', '_PAD', '_PAD', 'CCCCC(CC)Cc1ccc(-c2c3ccsc3c(-c3ccc(CC(CC)CCCC)s3)c3ccsc23)s1', 'CCCCC(CC)COC(=O)c1sc2cscc2c1F', '.', 'c1ccsc1', 'c1ccsc1', 'CCCCCCCCC(CCCCCC)Cn1c2ccc3cccc4c5cccc6ccc1c(c65)c2c34', 'CCCCCCc1ccc(Cc2ccc(CCCCCC)cc2)cc1', 'CCCCCCc1ccc(Cc2ccc(CCCCCC)cc2)cc1', 'C=C1C(=O)c2cc(F)c(F)cc2C1=C(C#N)C#N', 'C=C1C(=O)c2cc(F)c(F)cc2C1=C(C#N)C#N']",3.4918394,10.21,6.7181606
110,PBDB-T,IT-O2,"['_PAD', '_PAD', '_PAD', '_PAD', 'c1ccsc1', 'CCCCC(CC)Cc1sc(CC(CC)CCCC)c2c1C(=O)c1cscc1C2=O', 'CCCCC(CC)Cc1ccc(-c2c3ccsc3c(-c3ccc(CC(CC)CCCC)s3)c3ccsc23)s1', 'c1ccsc1', '.', 'c1cc2sccc2s1', 'c1cc2sccc2s1', 'c1ccccc1', 'CCCCCCc1ccc(Cc2ccc(CCCCCC)cc2)cc1', 'CCCCCCc1ccc(Cc2ccc(CCCCCC)cc2)cc1', 'C=C1C(=O)c2ccc(OCC)cc2C1=C(C#N)C#N', 'C=C1C(=O)c2ccc(OCC)cc2C1=C(C#N)C#N']",4.356616,9.3,4.943384
111,PBDB-T,IT-O3,"['_PAD', '_PAD', '_PAD', '_PAD', 'c1ccsc1', 'CCCCC(CC)Cc1sc(CC(CC)CCCC)c2c1C(=O)c1cscc1C2=O', 'CCCCC(CC)Cc1ccc(-c2c3ccsc3c(-c3ccc(CC(CC)CCCC)s3)c3ccsc23)s1', 'c1ccsc1', '.', 'c1cc2sccc2s1', 'c1cc2sccc2s1', 'c1ccccc1', 'CCCCCCc1ccc(Cc2ccc(CCCCCC)cc2)cc1', 'CCCCCCc1ccc(Cc2ccc(CCCCCC)cc2)cc1', 'C=C1C(=O)c2ccc(OCCC)cc2C1=C(C#N)C#N', 'C=C1C(=O)c2ccc(OCCC)cc2C1=C(C#N)C#N']",4.96357,4.9,9.86357
112,PBDB-T,IT-O4,"['_PAD', '_PAD', '_PAD', '_PAD', 'c1ccsc1', 'CCCCC(CC)Cc1sc(CC(CC)CCCC)c2c1C(=O)c1cscc1C2=O', 'CCCCC(CC)Cc1ccc(-c2c3ccsc3c(-c3ccc(CC(CC)CCCC)s3)c3ccsc23)s1', 'c1ccsc1', '.', 'c1cc2sccc2s1', 'c1cc2sccc2s1', 'c1ccccc1', 'CCCCCCc1ccc(Cc2ccc(CCCCCC)cc2)cc1', 'CCCCCCc1ccc(Cc2ccc(CCCCCC)cc2)cc1', 'C=C1C(=O)c2ccc(OCCCC)cc2C1=C(C#N)C#N', 'C=C1C(=O)c2ccc(OCCCC)cc2C1=C(C#N)C#N']",5.695116,4.2,9.895116
114,PTPDBDT,I-ITIC,"['_PAD', '_PAD', '_PAD', '_PAD', '_PAD', '_PAD', 'CCCCCCCCN1C(=O)c2cscc2C1=O', 'CCCCC(CC)Cc1ccc(-c2c3ccsc3c(-c3ccc(CC(CC)CCCC)s3)c3ccsc23)s1', '.', 'c1cc2sccc2s1', 'c1cc2sccc2s1', 'c1ccccc1', 'CCCCCCc1ccc(Cc2ccc(CCCCCC)cc2)cc1', 'CCCCCCc1ccc(Cc2ccc(CCCCCC)cc2)cc1', 'C=C1C(=O)c2cc(I)ccc2C1=C(C#N)C#N', 'C=C1C(=O)c2cc(I)ccc2C1=C(C#N)C#N']",3.3144636,8.9,5.585536
116,PBDB-T,NCBDT,"['_PAD', '_PAD', '_PAD', '_PAD', 'c1ccsc1', 'CCCCC(CC)Cc1sc(CC(CC)CCCC)c2c1C(=O)c1cscc1C2=O', 'CCCCC(CC)Cc1ccc(-c2c3ccsc3c(-c3ccc(CC(CC)CCCC)s3)c3ccsc23)s1', 'c1ccsc1', '.', 'c1ccsc1', 'c1ccsc1', 'CCCCCCCCc1c2ccsc2c(CCCCCCCC)c2ccsc12', 'CCCCCCc1ccc(Cc2ccc(CCCCCC)cc2)cc1', 'CCCCCCc1ccc(Cc2ccc(CCCCCC)cc2)cc1', 'C=C1C(=O)c2cc(F)ccc2C1=C(C#N)C#N', 'C=C1C(=O)c2cc(F)ccc2C1=C(C#N)C#N']",3.1411114,11.62,8.4788885
118,J71,ZITI-4F,"['_PAD', '_PAD', '_PAD', '_PAD', '_PAD', '_PAD', '_PAD', '_PAD', '_PAD', 'CCCCCCCCC(CCCCCC)Cn1nc2cc(F)c(F)cc2n1', 'c1ccsc1', 'CCC[Si](CCC)(CCC)c1ccc(-c2c3ccsc3c(-c3ccc([Si](CCC)(CCC)CCC)s3)c3ccsc23)s1', 'c1ccsc1', '.', 'C=C1C(=O)c2cc(F)c(F)cc2C1=C(C#N)C#N', 'C=C1C(=O)c2cc(F)c(F)cc2C1=C(C#N)C#N']",4.283101,13.18,8.896899
133,Pff4TBT-2DT,IDFBR,"['_PAD', 'CCCCCCCCCCCCC(C)CCCCCCCCCCc1ccsc1', 'Fc1cc2nsnc2cc1F', 'c1ccsc1', 'CCCCCCCCCCCCC(CCCCCCCCCC)Cc1ccsc1', 'c1ccsc1', '.', 'c1ccccc1', 'c1ccc2nsnc2c1', 'c1ccccc1', 'c1ccc2nsnc2c1', 'c1ccccc1', 'CCCCC(CC)CCCC(CC)CCCC', 'CCCCC(CC)CCCC(CC)CCCC', 'C=C1SC(=S)N(CC)C1=O', 'C=C1SC(=S)N(CC)C1=O']",4.4965267,1.75,6.2465267
140,PTB7-Th,NDI-TR,"['_PAD', '_PAD', '_PAD', '_PAD', '_PAD', '_PAD', '_PAD', '_PAD', 'CCCCC(CC)Cc1ccc(-c2c3ccsc3c(-c3ccc(CC(CC)CCCC)s3)c3ccsc23)s1', 'CCCCC(CC)COC(=O)c1sc2cscc2c1F', '.', 'CCCCC(CC)CN1C(=O)c2ccc3c4c(ccc(c24)C1=O)C(=O)N(CC(CC)CCCC)C3=O', 'c1ccsc1', 'c1ccsc1', 'C=C1SC(=S)N(CC)C1=O', 'C=C1SC(=S)N(CC)C1=O']",3.9731839,3.07,7.043184
157,PBDB-T,IDT-Tz,"['_PAD', '_PAD', 'c1ccsc1', 'CCCCC(CC)Cc1sc(CC(CC)CCCC)c2c1C(=O)c1cscc1C2=O', 'CCCCC(CC)Cc1ccc(-c2c3ccsc3c(-c3ccc(CC(CC)CCCC)s3)c3ccsc23)s1', 'c1ccsc1', '.', 'c1ccccc1', 'c1cscn1', 'c1ccccc1', 'c1cscn1', 'c1ccccc1', 'CCCCCCc1ccc(Cc2ccc(CCCCCC)cc2)cc1', 'CCCCCCc1ccc(Cc2ccc(CCCCCC)cc2)cc1', 'C=C1C(=O)c2ccccc2C1=C(C#N)C#N', 'C=C1C(=O)c2ccccc2C1=C(C#N)C#N']",6.382059,8.52,2.1379414
165,PBDB-T,IDT-EDOT,"['_PAD', '_PAD', 'c1ccsc1', 'CCCCC(CC)Cc1sc(CC(CC)CCCC)c2c1C(=O)c1cscc1C2=O', 'CCCCC(CC)Cc1ccc(-c2c3ccsc3c(-c3ccc(CC(CC)CCCC)s3)c3ccsc23)s1', 'c1ccsc1', '.', 'c1ccsc1', 'c1scc2c1OCCO2', 'c1ccsc1', 'c1scc2c1OCCO2', 'c1ccccc1', 'CCCCCCc1ccc(Cc2ccc(CCCCCC)cc2)cc1', 'CCCCCCc1ccc(Cc2ccc(CCCCCC)cc2)cc1', 'C=C1C(=O)c2cc(F)c(F)cc2C1=C(C#N)C#N', 'C=C1C(=O)c2cc(F)c(F)cc2C1=C(C#N)C#N']",7.766633,11.32,3.553367
166,PBDB-T,IDT-PDOT,"['_PAD', '_PAD', 'c1ccsc1', 'CCCCC(CC)Cc1sc(CC(CC)CCCC)c2c1C(=O)c1cscc1C2=O', 'CCCCC(CC)Cc1ccc(-c2c3ccsc3c(-c3ccc(CC(CC)CCCC)s3)c3ccsc23)s1', 'c1ccsc1', '.', 'c1ccsc1', 'c1scc2c1OCCCO2', 'c1ccsc1', 'c1scc2c1OCCCO2', 'c1ccccc1', 'CCCCCCc1ccc(Cc2ccc(CCCCCC)cc2)cc1', 'CCCCCCc1ccc(Cc2ccc(CCCCCC)cc2)cc1', 'C=C1C(=O)c2cc(F)c(F)cc2C1=C(C#N)C#N', 'C=C1C(=O)c2cc(F)c(F)cc2C1=C(C#N)C#N']",7.820195,2.18,10.0001955
167,PBDB-TF,IDT-C6,"['_PAD', '_PAD', '_PAD', '_PAD', 'c1ccsc1', 'CCCCC(CC)Cc1sc(CC(CC)CCCC)c2c1C(=O)c1cscc1C2=O', 'CCCCC(CC)Cc1sc(-c2c3ccsc3c(-c3cc(F)c(CC(CC)CCCC)s3)c3ccsc23)cc1F', 'c1ccsc1', '.', 'c1ccsc1', 'c1ccsc1', 'c1ccccc1', 'CCCCCCCCCCCCC', 'CCCCCCCCCCCCC', 'C=C1C(=O)c2ccc(C)cc2C1=C(C#N)C#N', 'C=C1C(=O)c2ccc(C)cc2C1=C(C#N)C#N']",3.566946,12.5,8.933054
174,PBDB-T,DTNIC6,"['_PAD', '_PAD', '_PAD', '_PAD', 'c1ccsc1', 'CCCCC(CC)Cc1sc(CC(CC)CCCC)c2c1C(=O)c1cscc1C2=O', 'CCCCC(CC)Cc1ccc(-c2c3ccsc3c(-c3ccc(CC(CC)CCCC)s3)c3ccsc23)s1', 'c1ccsc1', '.', 'c1ccsc1', 'c1ccsc1', 'c1ccc2ccccc2c1', 'CCCCCCCCCCCCC', 'CCCCCCCCCCCCC', 'C=C1C(=O)c2ccccc2C1=C(C#N)C#N', 'C=C1C(=O)c2ccccc2C1=C(C#N)C#N']",6.1929417,3.39,9.582942
177,PTB7-Th,DICTF,"['_PAD', '_PAD', '_PAD', '_PAD', '_PAD', '_PAD', 'CCCCC(CC)Cc1ccc(-c2c3ccsc3c(-c3ccc(CC(CC)CCCC)s3)c3ccsc23)s1', 'CCCCC(CC)COC(=O)c1sc2cscc2c1F', '.', 'c1ccccc1', 'c1ccsc1', 'c1ccccc1', 'c1ccsc1', 'CCCCCCCCCCCCCCCCC', 'C=C1C(=O)c2ccccc2C1=C(C#N)C#N', 'C=C1C(=O)c2ccccc2C1=C(C#N)C#N']",3.3448324,7.63,4.2851677
194,PMOT16,IDIC,"['_PAD', '_PAD', '_PAD', '_PAD', 'CCCCCCCCC(CCCCCC)CN1C(=O)c2cscc2C1=O', 'CCCCCCc1csc2ccsc12', 'CCCCC(CC)Cc1sc(-c2c3ccsc3c(-c3cc(OC)c(CC(CC)CCCC)s3)c3ccsc23)cc1OC', 'CCCCCCc1csc2ccsc12', '.', 'c1ccsc1', 'c1ccsc1', 'c1ccccc1', 'CCCCCCCCCCCCC', 'CCCCCCCCCCCCC', 'C=C1C(=O)c2ccccc2C1=C(C#N)C#N', 'C=C1C(=O)c2ccccc2C1=C(C#N)C#N']",3.367969,10.04,6.672031
195,PTZP,IDIC,"['_PAD', '_PAD', '_PAD', '_PAD', 'CCCCC(CC)Cc1ccsc1', 'c1nc2scnc2s1', 'CCCCCCC(CCCC)CSc1ccc(-c2c3ccsc3c(-c3ccc(SCC(CCCC)CCCCCC)s3)c3ccsc23)s1', 'CCCCC(CC)Cc1ccsc1', '.', 'c1ccsc1', 'c1ccsc1', 'c1ccccc1', 'CCCCCCCCCCCCC', 'CCCCCCCCCCCCC', 'C=C1C(=O)c2ccccc2C1=C(C#N)C#N', 'C=C1C(=O)c2ccccc2C1=C(C#N)C#N']",4.347854,11.8,7.452146
203,PffT2-FTAZ-2DT,IEIC,"['_PAD', 'CCCn1nc2cc(F)c(F)cc2n1', 'CCCCCCCCCCCCC(CCCCCCCCCC)Cc1ccsc1', 'Fc1ccsc1', 'CCCCCCCCCCCCC(CCCCCCCCCC)Cc1ccsc1', 'Fc1ccsc1', '.', 'c1ccsc1', 'CCCCC(CC)Cc1ccsc1', 'c1ccsc1', 'CCCCC(CC)Cc1ccsc1', 'c1ccccc1', 'CCCCCCc1ccc(Cc2ccc(CCCCCC)cc2)cc1', 'CCCCCCc1ccc(Cc2ccc(CCCCCC)cc2)cc1', 'C=C1C(=O)c2ccccc2C1=C(C#N)C#N', 'C=C1C(=O)c2ccccc2C1=C(C#N)C#N']",4.361477,7.2,2.838523
235,PBDB-T,ITC6-IC,"['_PAD', '_PAD', '_PAD', '_PAD', 'c1ccsc1', 'CCCCC(CC)Cc1sc(CC(CC)CCCC)c2c1C(=O)c1cscc1C2=O', 'CCCCC(CC)Cc1ccc(-c2c3ccsc3c(-c3ccc(CC(CC)CCCC)s3)c3ccsc23)s1', 'c1ccsc1', '.', 'CCCCCCc1csc2ccsc12', 'CCCCCCc1csc2ccsc12', 'c1ccccc1', 'CCCCCCc1ccc(Cc2ccc(CCCCCC)cc2)cc1', 'CCCCCCc1ccc(Cc2ccc(CCCCCC)cc2)cc1', 'C=C1C(=O)c2ccccc2C1=C(C#N)C#N', 'C=C1C(=O)c2ccccc2C1=C(C#N)C#N']",3.5603065,11.61,8.049693
244,PBDB-T,ATT-7,"['c1ccsc1', 'CCCCC(CC)Cc1sc(CC(CC)CCCC)c2c1C(=O)c1cscc1C2=O', 'CCCCC(CC)Cc1ccc(-c2c3ccsc3c(-c3ccc(CC(CC)CCCC)s3)c3ccsc23)s1', 'c1ccsc1', '.', 'c1cc2cscc2s1', 'c1ccsc1', 'c1ccsc1', 'c1cc2cscc2s1', 'c1ccccc1', 'CCCCCCOc1cccc(Cc2cccc(OCCCCCC)c2)c1', 'CCCCCCOc1cccc(Cc2cccc(OCCCCCC)c2)c1', 'CCCCCCCCOC=O', 'C=C1C(=O)c2ccccc2C1=C(C#N)C#N', 'C=C1C(=O)c2ccccc2C1=C(C#N)C#N', 'CCCCCCCCOC=O']",4.911939,10.12,5.2080607
247,PBDB-T,BDTS-4Cl,"['c1ccsc1', 'CCCCC(CC)Cc1sc(CC(CC)CCCC)c2c1C(=O)c1cscc1C2=O', 'CCCCC(CC)Cc1ccc(-c2c3ccsc3c(-c3ccc(CC(CC)CCCC)s3)c3ccsc23)s1', 'c1ccsc1', '.', 'c1ccsc1', 'c1ccsc1', 'c1ccsc1', 'c1ccsc1', 'c1cc2cc3sccc3cc2s1', 'CCCCCCCC[Si]CCCCCCCC', 'CCCCCCCC[Si]CCCCCCCC', 'C=C1C(=O)c2cc(Cl)c(Cl)cc2C1=C(C#N)C#N', 'CCCCC(CC)Cc1cccs1', 'C=C1C(=O)c2cc(Cl)c(Cl)cc2C1=C(C#N)C#N', 'CCC(C)CCCCc1cccs1']",6.4323707,3.73,10.162371
248,PBDB-T,BDTC-4Cl,"['c1ccsc1', 'CCCCC(CC)Cc1sc(CC(CC)CCCC)c2c1C(=O)c1cscc1C2=O', 'CCCCC(CC)Cc1ccc(-c2c3ccsc3c(-c3ccc(CC(CC)CCCC)s3)c3ccsc23)s1', 'c1ccsc1', '.', 'c1ccsc1', 'c1ccsc1', 'c1ccsc1', 'c1ccsc1', 'c1cc2cc3sccc3cc2s1', 'CCCCCCCCCCCCCCCCC', 'CCCCCCCCCCCCCCCCC', 'C=C1C(=O)c2cc(Cl)c(Cl)cc2C1=C(C#N)C#N', 'CCCCC(CC)Cc1cccs1', 'C=C1C(=O)c2cc(Cl)c(Cl)cc2C1=C(C#N)C#N', 'CCC(C)CCCCc1cccs1']",3.1230483,9.54,6.4169517
249,PTBB-o,ITCPTC,"['_PAD', '_PAD', '_PAD', '_PAD', 'c1ccsc1', 'CCCCC(CC)Cc1sc(CC(CC)CCCC)c2c1C(=O)c1cscc1C2=O', 'CCCCC(CC)CSc1ccccc1-c1c2ccsc2c(-c2ccccc2SCC(CC)CCCC)c2ccsc12', 'c1ccsc1', '.', 'c1cc2sccc2s1', 'c1cc2sccc2s1', 'c1ccccc1', 'CCCCCCc1ccc(Cc2ccc(CCCCCC)cc2)cc1', 'CCCCCCc1ccc(Cc2ccc(CCCCCC)cc2)cc1', 'C=C1C(=O)c2cscc2C1=C(C#N)C#N', 'C=C1C(=O)c2cscc2C1=C(C#N)C#N']",6.3038025,2.14,8.443803
252,PBDS-TZ,IT-4F,"['_PAD', '_PAD', '_PAD', '_PAD', 'c1nc2scnc2s1', 'CCCCC(CC)Cc1ccsc1', 'CCC[Si](CCC)(CCC)c1ccc(-c2c3ccsc3c(-c3ccc([Si](CCC)(CCC)CCC)s3)c3ccsc23)s1', 'CCCCC(CC)Cc1ccsc1', '.', 'c1cc2sccc2s1', 'c1cc2sccc2s1', 'c1ccccc1', 'CCCCCCc1ccc(Cc2ccc(CCCCCC)cc2)cc1', 'CCCCCCc1ccc(Cc2ccc(CCCCCC)cc2)cc1', 'C=C1C(=O)c2cc(F)c(F)cc2C1=C(C#N)C#N', 'C=C1C(=O)c2cc(F)c(F)cc2C1=C(C#N)C#N']",4.8185134,12.01,7.191487
254,J71,BTA3,"['_PAD', '_PAD', 'CCCCCCCCC(CCCCCC)Cn1nc2cc(F)c(F)cc2n1', 'c1ccsc1', 'CCC[Si](CCC)(CCC)c1ccc(-c2c3ccsc3c(-c3ccc([Si](CCC)(CCC)CCC)s3)c3ccsc23)s1', 'c1ccsc1', '.', 'CCCCCCCCn1nc2ccccc2n1', 'c1ccsc1', 'c1ccsc1', 'CCCCCCCCn1nc2ccccc2n1', 'c1ccccc1', 'CCCCCCc1ccc(Cc2ccc(CCCCCC)cc2)cc1', 'CCCCCCc1ccc(Cc2ccc(CCCCCC)cc2)cc1', 'C=c1sc(=C(C#N)C#N)n(CC)c1=O', 'C=c1sc(=C(C#N)C#N)n(CC)c1=O']",4.851675,8.6,3.7483253
258,PBB-T,IT-2F,"['_PAD', '_PAD', '_PAD', '_PAD', 'c1nc2cc3scnc3cc2s1', 'CCCCCCC(CCCC)CSc1ccsc1', 'CCCCC(CC)Cc1ccc(-c2c3ccsc3c(-c3ccc(CCCCC(C)CC)s3)c3ccsc23)s1', 'CCCCCCC(CCCC)CSc1ccsc1', '.', 'c1cc2sccc2s1', 'c1cc2sccc2s1', 'c1ccccc1', 'CCCCCCc1ccc(Cc2ccc(CCCCCC)cc2)cc1', 'CCCCCCc1ccc(Cc2ccc(CCCCCC)cc2)cc1', 'C=C1C(=O)c2cc(F)c(F)cc2C1=C(C#N)C#N', 'C=C1C(=O)c2cc(F)c(F)cc2C1=C(C#N)C#N']",4.294368,13.3,9.005632
260,P,ICz-RdCN2,"['_PAD', '_PAD', '_PAD', '_PAD', '_PAD', '_PAD', 'CCCCCCCC[Si]1(CCCCCCCC)c2ccsc2-c2sccc21', 'CCCCCCn1nc2ccc(F)cc2n1', 'CCCCCCn1nc2ccc(F)cc2n1', 'CCCCCCCC[Si]1(CCCCCCCC)c2ccsc2-c2sccc21', '.', 'CCCCC(CC)Cn1c2ccccc2c2cc3c(cc21)c1ccccc1n3CC(CC)CCCC', 'c1ccc2nsnc2c1', 'c1ccc2nsnc2c1', 'C=c1sc(=C(C#N)C#N)n(CC)c1=O', 'C=c1sc(=C(C#N)C#N)n(CC)c1=O']",4.0267043,9.76,5.733296
261,PBZ,IT-4F,"['_PAD', '_PAD', '_PAD', '_PAD', 'CCCCCCCCC(CCCCCC)Cn1nc2cc(F)c(F)cc2n1', 'c1ccsc1', 'CCCCC(CC)Cc1ccc(-c2c3ccsc3c(-c3ccc(CC(CC)CCCC)s3)c3ccsc23)s1', 'c1ccsc1', '.', 'c1cc2sccc2s1', 'c1cc2sccc2s1', 'c1ccccc1', 'CCCCCCc1ccc(Cc2ccc(CCCCCC)cc2)cc1', 'CCCCCCc1ccc(Cc2ccc(CCCCCC)cc2)cc1', 'C=C1C(=O)c2cc(F)c(F)cc2C1=C(C#N)C#N', 'C=C1C(=O)c2cc(F)c(F)cc2C1=C(C#N)C#N']",4.116854,6.4,10.516854
264,PT1,ITIC,"['_PAD', '_PAD', '_PAD', '_PAD', '_PAD', '_PAD', 'CCCCCCCCc1sc(CCCCCCCC)c2c1C(=O)c1cscc1C2=O', 'CCCCC(CC)Cc1ccc(-c2c3ccsc3c(-c3ccc(CC(CC)CCCC)s3)c3ccsc23)s1', '.', 'c1cc2sccc2s1', 'c1cc2sccc2s1', 'c1ccccc1', 'CCCCCCc1ccc(Cc2ccc(CCCCCC)cc2)cc1', 'CCCCCCc1ccc(Cc2ccc(CCCCCC)cc2)cc1', 'C=C1C(=O)c2ccccc2C1=C(C#N)C#N', 'C=C1C(=O)c2ccccc2C1=C(C#N)C#N']",6.2110033,2.13,8.341003
273,POPB,IT-4F,"['_PAD', '_PAD', '_PAD', '_PAD', 'c1ccsc1', 'CCCCC(CC)Cc1sc(CC(CC)CCCC)c2c1C(=O)c1cscc1C2=O', 'CCCCCCCCC(CCCCCC)COc1ccc(-c2c3ccsc3c(-c3ccc(OCC(CCCCCC)CCCCCCCC)cc3)c3ccsc23)cc1', 'c1ccsc1', '.', 'c1cc2sccc2s1', 'c1cc2sccc2s1', 'c1ccccc1', 'CCCCCCc1ccc(Cc2ccc(CCCCCC)cc2)cc1', 'CCCCCCc1ccc(Cc2ccc(CCCCCC)cc2)cc1', 'C=C1C(=O)c2cc(F)c(F)cc2C1=C(C#N)C#N', 'C=C1C(=O)c2cc(F)c(F)cc2C1=C(C#N)C#N']",4.751623,6.2,10.951623
274,PFOPB,IT-4F,"['_PAD', '_PAD', '_PAD', '_PAD', 'c1ccsc1', 'CCCCC(CC)Cc1sc(CC(CC)CCCC)c2c1C(=O)c1cscc1C2=O', 'CCCCCCCCC(CCCCCC)COc1c(F)cc(-c2c3ccsc3c(-c3cc(F)c(OCC(CCCCCC)CCCCCCCC)c(F)c3)c3ccsc23)cc1F', 'c1ccsc1', '.', 'c1cc2sccc2s1', 'c1cc2sccc2s1', 'c1ccccc1', 'CCCCCCc1ccc(Cc2ccc(CCCCCC)cc2)cc1', 'CCCCCCc1ccc(Cc2ccc(CCCCCC)cc2)cc1', 'C=C1C(=O)c2cc(F)c(F)cc2C1=C(C#N)C#N', 'C=C1C(=O)c2cc(F)c(F)cc2C1=C(C#N)C#N']",4.30387,11.7,7.3961296
279,J71,ITCF,"['_PAD', '_PAD', '_PAD', '_PAD', 'CCCCCCCCC(CCCCCC)Cn1nc2cc(F)c(F)cc2n1', 'c1ccsc1', 'CCC[Si](CCC)(CCC)c1ccc(-c2c3ccsc3c(-c3ccc([Si](CCC)(CCC)CCC)s3)c3ccsc23)s1', 'c1ccsc1', '.', 'c1cc2sccc2s1', 'c1cc2sccc2s1', 'c1ccccc1', 'CCCCCCc1ccc(Cc2ccc(CCCCCC)cc2)cc1', 'CCCCCCc1ccc(Cc2ccc(CCCCCC)cc2)cc1', 'C=C1C(=O)c2cc(F)c(C)cc2C1=C(C#N)C#N', 'C=C1C(=O)c2cc(F)c(C)cc2C1=C(C#N)C#N']",3.4712772,13.25,9.778723
282,PTBFSdo-BDD,ITIC,"['_PAD', '_PAD', '_PAD', '_PAD', 'c1ccsc1', 'CCCCC(CC)Cc1sc(CC(CC)CCCC)c2c1C(=O)c1cscc1C2=O', 'CCCCCCCCCCCCSSc1ccc(-c2c3ccsc3c(-c3ccc(SSCCCCCCCCCCCC)s3)c3ccoc23)s1', 'c1ccsc1', '.', 'c1cc2sccc2s1', 'c1cc2sccc2s1', 'c1ccccc1', 'CCCCCCc1ccc(Cc2ccc(CCCCCC)cc2)cc1', 'CCCCCCc1ccc(Cc2ccc(CCCCCC)cc2)cc1', 'C=C1C(=O)c2ccccc2C1=C(C#N)C#N', 'C=C1C(=O)c2ccccc2C1=C(C#N)C#N']",3.5948133,10.57,6.9751863
290,PBDB-T,ITAN-IDT,"['_PAD', '_PAD', 'c1ccsc1', 'CCCCC(CC)Cc1sc(CC(CC)CCCC)c2c1C(=O)c1cscc1C2=O', 'CCCCC(CC)Cc1ccc(-c2c3ccsc3c(-c3ccc(CC(CC)CCCC)s3)c3ccsc23)s1', 'c1ccsc1', '.', 'c1ccsc1', 'CCN1C(=O)/C(=C/C#N)c2ccccc21', 'c1ccsc1', 'CCN1C(=O)/C(=C/C#N)c2ccccc21', 'c1ccccc1', 'CCCCCCc1ccc(Cc2ccc(CCCCCC)cc2)cc1', 'CCCCCCc1ccc(Cc2ccc(CCCCCC)cc2)cc1', 'c1ccsc1', 'c1ccsc1']",3.8885288,2.0,5.888529
292,PBDT-3T,IT-4F,"['_PAD', '_PAD', '_PAD', '_PAD', 'CCCCC(CC)Cc1ccsc1', 'c1ccsc1', 'CCCCC(CC)Cc1ccsc1', 'CCCCC(CC)Cc1sc(-c2c3ccsc3c(-c3cc(F)c(CC(CC)CCCC)s3)c3ccsc23)cc1F', '.', 'c1cc2sccc2s1', 'c1cc2sccc2s1', 'c1ccccc1', 'CCCCCCc1ccc(Cc2ccc(CCCCCC)cc2)cc1', 'CCCCCCc1ccc(Cc2ccc(CCCCCC)cc2)cc1', 'C=C1C(=O)c2cc(F)c(F)cc2C1=C(C#N)C#N', 'C=C1C(=O)c2cc(F)c(F)cc2C1=C(C#N)C#N']",9.970182,1.0,10.970182
301,PBT1-C,ITCPTC,"['_PAD', '_PAD', '_PAD', '_PAD', 'c1ccsc1', 'CCCCC(CC)Cc1sc(CC(CC)CCCC)c2c1C(=O)c1cscc1C2=O', 'CCCCCCCCCCC(CCCCCCCC)Cc1ccc(-c2c3ccsc3c(-c3ccc(SCC(CCCC)CCCCCC)cc3)c3ccsc23)cc1', 'c1ccsc1', '.', 'c1cc2sccc2s1', 'c1cc2sccc2s1', 'c1ccccc1', 'CCCCCCc1ccc(Cc2ccc(CCCCCC)cc2)cc1', 'CCCCCCc1ccc(Cc2ccc(CCCCCC)cc2)cc1', 'C=C1C(=O)c2cscc2C1=C(C#N)C#N', 'C=C1C(=O)c2cscc2C1=C(C#N)C#N']",4.2591066,12.8,8.540894
302,PTZPF,BT-IC,"['_PAD', '_PAD', '_PAD', '_PAD', 'CCCCCCCCC(CCCCCC)Cn1nc2cc(F)c(F)cc2n1', 'c1ccsc1', 'CCCCC(CC)Cc1c(F)cc(-c2c3ccsc3c(-c3cc(F)c(CC(CC)CCCC)c(F)c3)c3ccsc23)cc1F', 'c1ccsc1', '.', 'c1ccsc1', 'c1ccsc1', 'CCCCC(CC)COc1c2ccsc2c(OCC(CC)CCCC)c2ccsc12', 'CCCCCCc1ccc(Cc2ccc(CCCCCC)cc2)cc1', 'CCCCCCc1ccc(Cc2ccc(CCCCCC)cc2)cc1', 'C=C1C(=O)c2ccccc2C1=C(C#N)C#N', 'C=C1C(=O)c2ccccc2C1=C(C#N)C#N']",3.1020203,5.63,8.73202
307,PBDB-T,F-Cl,"['_PAD', '_PAD', 'c1ccsc1', 'CCCCC(CC)Cc1sc(CC(CC)CCCC)c2c1C(=O)c1cscc1C2=O', 'CCCCC(CC)Cc1ccc(-c2c3ccsc3c(-c3ccc(CC(CC)CCCC)s3)c3ccsc23)s1', 'c1ccsc1', '.', 'c1ccsc1', 'c1ccsc1', 'c1ccccc1', 'c1ccccc1', 'CCCCCCCCCCCCCCCCC', 'CCCCCCCCCCCCCCCCC', 'CCCCCCCCCCCCCCCCC', 'C=C1C(=O)c2cc(C)ccc2C1=C(C#N)C#N', 'C=C1C(=O)c2cc(C)ccc2C1=C(C#N)C#N']",3.7075405,11.47,7.7624598
309,PBDB-T,DF-PCIC,"['_PAD', '_PAD', 'c1ccsc1', 'CCCCC(CC)Cc1sc(CC(CC)CCCC)c2c1C(=O)c1cscc1C2=O', 'CCCCC(CC)Cc1ccc(-c2c3ccsc3c(-c3ccc(CC(CC)CCCC)s3)c3ccsc23)s1', 'c1ccsc1', '.', 'c1ccsc1', 'c1ccsc1', 'Fc1ccc(F)cc1', 'c1ccsc1', 'c1ccsc1', 'CCCCC(CC)CCCCCCC(C)CC', 'CCCCC(CC)CCCC(CC)CCCC', 'C=C1C(=O)c2ccccc2C1=C(C#N)C#N', 'C=C1C(=O)c2ccccc2C1=C(C#N)C#N']",3.4278574,11.63,8.202143
316,PTQ10,IDIC,"['_PAD', '_PAD', '_PAD', '_PAD', '_PAD', '_PAD', 'CCCCCCCCC(CCCCCC)COc1cnc2cc(F)c(F)cc2n1', 'c1ccsc1', '.', 'c1ccsc1', 'c1ccsc1', 'c1ccccc1', 'CCCCCCCCCCCCC', 'CCCCCCCCCCCCC', 'C=C1C(=O)c2ccccc2C1=C(C#N)C#N', 'C=C1C(=O)c2ccccc2C1=C(C#N)C#N']",3.5169935,12.7,9.183006
318,PBDB-T,IDTTIC,"['_PAD', '_PAD', '_PAD', '_PAD', 'c1ccsc1', 'CCCCC(CC)Cc1sc(CC(CC)CCCC)c2c1C(=O)c1cscc1C2=O', 'CCCCC(CC)Cc1ccc(-c2c3ccsc3c(-c3ccc(CC(CC)CCCC)s3)c3ccsc23)s1', 'c1ccsc1', '.', 'c1cc2sccc2s1', 'c1cc2sccc2s1', 'c1ccccc1', 'CCCCCCCCC(CCCCCC)CCCCCCCCCCC(C)CCCCCC', 'CCCCCCCCC(CCCCCC)CCCC(CCCCCC)CCCCCCCC', 'C=C1C(=O)c2ccccc2C1=C(C#N)C#N', 'C=C1C(=O)c2ccccc2C1=C(C#N)C#N']",3.2774787,11.2,7.922521
334,PBDB-T,ICBF-O,"['_PAD', '_PAD', 'c1ccsc1', 'CCCCC(CC)Cc1sc(CC(CC)CCCC)c2c1C(=O)c1cscc1C2=O', 'CCCCC(CC)Cc1ccc(-c2c3ccsc3c(-c3ccc(CC(CC)CCCC)s3)c3ccsc23)s1', 'c1ccsc1', '.', 'CCCCCCCCc1ccsc1', 'c1ccccc1', 'c1ccccc1', 'CCCCCCCCc1ccsc1', 'c1ccccc1', 'CCCCCCCCCCCCCCCCC', 'CCCCCCCCCCCCCCCCC', 'C=C1C(=O)c2ccccc2C1=C(C#N)C#N', 'C=C1C(=O)c2ccccc2C1=C(C#N)C#N']",4.328169,3.11,7.4381685
336,PBDB-T,FICBF-O,"['_PAD', '_PAD', 'c1ccsc1', 'CCCCC(CC)Cc1sc(CC(CC)CCCC)c2c1C(=O)c1cscc1C2=O', 'CCCCC(CC)Cc1ccc(-c2c3ccsc3c(-c3ccc(CC(CC)CCCC)s3)c3ccsc23)s1', 'c1ccsc1', '.', 'CCCCCCCCc1ccsc1', 'c1ccccc1', 'c1ccccc1', 'CCCCCCCCc1ccsc1', 'c1ccccc1', 'CCCCCCCCCCCCCCCCC', 'CCCCCCCCCCCCCCCCC', 'C=C1C(=O)c2cc(F)c(F)cc2C1=C(C#N)C#N', 'C=C1C(=O)c2cc(F)c(F)cc2C1=C(C#N)C#N']",3.318942,5.54,8.858942
346,PBDB-T,IDTBOR,"['_PAD', '_PAD', 'c1ccsc1', 'CCCCC(CC)Cc1sc(CC(CC)CCCC)c2c1C(=O)c1cscc1C2=O', 'CCCCC(CC)Cc1ccc(-c2c3ccsc3c(-c3ccc(CC(CC)CCCC)s3)c3ccsc23)s1', 'c1ccsc1', '.', 'c1ccsc1', 'c1ccc2nonc2c1', 'c1ccsc1', 'c1ccc2nonc2c1', 'c1ccccc1', 'CCCCCCCCCCCCC', 'CCCCCCCCCCCCC', 'C=C1SC(=S)N(CC)C1=O', 'C=C1SC(=S)N(CC)C1=O']",3.355565,7.74,4.3844347
351,J52-Cl,ITIC,"['_PAD', '_PAD', '_PAD', '_PAD', 'CCCCCCCCC(CCCCCC)Cn1nc2cc(F)c(F)cc2n1', 'c1ccsc1', 'CCCCC(CC)Cc1sc(-c2c3ccsc3c(-c3cc(Cl)c(CCCCC(C)CC)s3)c3ccsc23)cc1Cl', 'c1ccsc1', '.', 'c1cc2sccc2s1', 'c1cc2sccc2s1', 'c1ccccc1', 'CCCCCCc1ccc(Cc2ccc(CCCCCC)cc2)cc1', 'CCCCCCc1ccc(Cc2ccc(CCCCCC)cc2)cc1', 'C=C1C(=O)c2ccccc2C1=C(C#N)C#N', 'C=C1C(=O)c2ccccc2C1=C(C#N)C#N']",5.93291,11.53,5.59709
353,PBDB-T,IDTOT2F,"['_PAD', '_PAD', 'c1ccsc1', 'CCCCC(CC)Cc1sc(CC(CC)CCCC)c2c1C(=O)c1cscc1C2=O', 'CCCCC(CC)Cc1ccc(-c2c3ccsc3c(-c3ccc(CC(CC)CCCC)s3)c3ccsc23)s1', 'c1ccsc1', '.', 'CCCCCCOc1ccsc1', 'c1ccsc1', 'CCCCCCOc1ccsc1', 'c1ccsc1', 'c1ccccc1', 'CCCCCCc1ccc(Cc2ccc(CCCCCC)cc2)cc1', 'CCCCCCc1ccc(Cc2ccc(CCCCCC)cc2)cc1', 'C=C1C(=O)c2cc(F)c(F)cc2C1=C(C#N)C#N', 'C=C1C(=O)c2cc(F)c(F)cc2C1=C(C#N)C#N']",6.2076097,12.79,6.5823903
364,PBZ1,ITIC,"['_PAD', '_PAD', '_PAD', '_PAD', 'CCCCCCCCC(CCCCCC)Cn1nc2cc(F)c(F)cc2n1', 'c1ccsc1', 'CCCCC(CC)COc1ccc(-c2c3ccsc3c(-c3ccc(OCC(CC)CCCC)cc3)c3ccsc23)cc1', 'c1ccsc1', '.', 'c1cc2sccc2s1', 'c1cc2sccc2s1', 'c1ccccc1', 'CCCCCCc1ccc(Cc2ccc(CCCCCC)cc2)cc1', 'CCCCCCc1ccc(Cc2ccc(CCCCCC)cc2)cc1', 'C=C1C(=O)c2ccccc2C1=C(C#N)C#N', 'C=C1C(=O)c2ccccc2C1=C(C#N)C#N']",4.512312,5.8,10.312312
366,PBDB-TF,DF-PCIC,"['_PAD', '_PAD', 'c1ccsc1', 'CCCCC(CC)Cc1sc(CC(CC)CCCC)c2c1C(=O)c1cscc1C2=O', 'CCCCC(CC)Cc1sc(-c2c3ccsc3c(-c3cc(F)c(CC(CC)CCCC)s3)c3ccsc23)cc1F', 'c1ccsc1', '.', 'c1ccsc1', 'c1ccsc1', 'Fc1ccc(F)cc1', 'c1ccsc1', 'c1ccsc1', 'CCCCC(CC)CCCCCCC(C)CC', 'CCCCC(CC)CCCC(CC)CCCC', 'C=C1C(=O)c2ccccc2C1=C(C#N)C#N', 'C=C1C(=O)c2ccccc2C1=C(C#N)C#N']",3.3290954,10.97,7.640905
376,PBDB-T,SN6IC,"['_PAD', '_PAD', '_PAD', '_PAD', '_PAD', '_PAD', '_PAD', '_PAD', 'c1ccsc1', 'CCCCC(CC)Cc1sc(CC(CC)CCCC)c2c1C(=O)c1cscc1C2=O', 'CCCCC(CC)Cc1ccc(-c2c3ccsc3c(-c3ccc(CC(CC)CCCC)s3)c3ccsc23)s1', 'c1ccsc1', '.', 'CCCCCCC(CCCCCC)n1c2ccsc2c2sc3c(sc4c5sccc5n(C(CCCCCC)CCCCCC)c43)c21', 'C=C1C(=O)c2ccccc2C1=C(C#N)C#N', 'C=C1C(=O)c2ccccc2C1=C(C#N)C#N']",3.1877575,9.6,12.787758
380,PBDB-T,IDT-IC,"['_PAD', '_PAD', '_PAD', '_PAD', 'c1ccsc1', 'CCCCC(CC)Cc1sc(CC(CC)CCCC)c2c1C(=O)c1cscc1C2=O', 'CCCCC(CC)Cc1ccc(-c2c3ccsc3c(-c3ccc(CC(CC)CCCC)s3)c3ccsc23)s1', 'c1ccsc1', '.', 'c1ccsc1', 'c1ccsc1', 'c1ccccc1', 'CCCCCCc1ccc(Cc2ccc(CCCCCC)cc2)cc1', 'CCCCCCc1ccc(Cc2ccc(CCCCCC)cc2)cc1', 'C=C1C(=O)c2ccccc2C1=C(C#N)C#N', 'C=C1C(=O)c2ccccc2C1=C(C#N)C#N']",3.4721112,4.69,8.162111
391,PJ2,IDIC,"['_PAD', '_PAD', '_PAD', '_PAD', 'CCCCC(CC)Cc1sc(CC(CC)CCCC)c2c1C(=O)c1cscc1C2=O', 'c1ccsc1', 'CCC[Si](CCC)(CCC)c1ccc(-c2c3ccsc3c(-c3ccc([Si](CCC)(CCC)CCC)s3)c3ccsc23)s1', 'c1ccsc1', '.', 'c1ccsc1', 'c1ccsc1', 'c1ccccc1', 'CCCCCCCCCCCCC', 'CCCCCCCCCCCCC', 'C=C1C(=O)c2ccccc2C1=C(C#N)C#N', 'C=C1C(=O)c2ccccc2C1=C(C#N)C#N']",4.7779765,12.01,7.2320237
400,PBDB-O,ITIC,"['_PAD', '_PAD', '_PAD', '_PAD', 'c1ccsc1', 'CCCCC(CC)Cc1sc(CC(CC)CCCC)c2c1C(=O)c1cscc1C2=O', 'CCCCC(CC)COc1c2ccsc2c(OCC(CC)CCCC)c2ccsc12', 'c1ccsc1', '.', 'c1cc2sccc2s1', 'c1cc2sccc2s1', 'c1ccccc1', 'CCCCCCc1ccc(Cc2ccc(CCCCCC)cc2)cc1', 'CCCCCCc1ccc(Cc2ccc(CCCCCC)cc2)cc1', 'C=C1C(=O)c2ccccc2C1=C(C#N)C#N', 'C=C1C(=O)c2ccccc2C1=C(C#N)C#N']",4.45733,4.35,8.80733
409,PTB7,IEICO-4F,"['_PAD', '_PAD', '_PAD', '_PAD', 'CCCCC(CC)COC(=O)c1sc2cscc2c1F', 'CCCCC(CC)COc1c2ccsc2c(OCC(CC)CCCC)c2ccsc12', '.', 'c1ccsc1', 'CCCCC(CC)COc1ccsc1', 'c1ccsc1', 'CCCCC(CC)COc1ccsc1', 'c1ccccc1', 'CCCCCCc1ccc(Cc2ccc(CCCCCC)cc2)cc1', 'CCCCCCc1ccc(Cc2ccc(CCCCCC)cc2)cc1', 'C=C1C(=O)c2cc(F)c(F)cc2C1=C(C#N)C#N', 'C=C1C(=O)c2cc(F)c(F)cc2C1=C(C#N)C#N']",8.789849,2.3,11.089849
418,PTB7-Th,IFT-ECA,"['_PAD', '_PAD', 'CCCCC(CC)Cc1ccc(-c2c3ccsc3c(-c3ccc(CC(CC)CCCC)s3)c3ccsc23)s1', 'CCCCC(CC)COC(=O)c1sc2cscc2c1F', '.', 'c1ccccc1', 'c1ccsc1', 'C=CC#N', 'c1ccccc1', 'c1ccsc1', 'C=CC#N', 'c1ccccc1', 'CCCCCCCCCCCCC', 'CCCCCCCCCCCCC', 'CCOC=O', 'CCOC=O']",4.0211244,0.03,4.0511246
419,PTB7-Th,IFT-M,"['_PAD', '_PAD', '_PAD', '_PAD', 'CCCCC(CC)Cc1ccc(-c2c3ccsc3c(-c3ccc(CC(CC)CCCC)s3)c3ccsc23)s1', 'CCCCC(CC)COC(=O)c1sc2cscc2c1F', '.', 'c1ccccc1', 'c1ccsc1', 'c1ccccc1', 'c1ccsc1', 'c1ccccc1', 'CCCCCCCCCCCCC', 'CCCCCCCCCCCCC', 'C=C(C#N)C#N', 'C=C(C#N)C#N']",5.459315,0.15,5.609315
423,PTB7-Th,4TIC,"['_PAD', '_PAD', '_PAD', '_PAD', '_PAD', '_PAD', 'CCCCC(CC)Cc1ccc(-c2c3ccsc3c(-c3ccc(CC(CC)CCCC)s3)c3ccsc23)s1', 'CCCCC(CC)COC(=O)c1sc2cscc2c1F', '.', 'c1ccsc1', 'c1ccsc1', 'c1cc2sccc2s1', 'CCCCCCc1ccc(Cc2ccc(CCCCCC)cc2)cc1', 'CCCCCCc1ccc(Cc2ccc(CCCCCC)cc2)cc1', 'C=C1C(=O)c2ccccc2C1=C(C#N)C#N', 'C=C1C(=O)c2ccccc2C1=C(C#N)C#N']",4.4527407,10.43,5.9772596
431,PTB7-Th,BTA1,"['_PAD', '_PAD', '_PAD', '_PAD', 'CCCCC(CC)Cc1ccc(-c2c3ccsc3c(-c3ccc(CC(CC)CCCC)s3)c3ccsc23)s1', 'CCCCC(CC)COC(=O)c1sc2cscc2c1F', '.', 'CCCCCCCCn1nc2ccccc2n1', 'c1ccsc1', 'c1ccsc1', 'CCCCCCCCn1nc2ccccc2n1', 'c1ccccc1', 'CCCCCCc1ccc(Cc2ccc(CCCCCC)cc2)cc1', 'CCCCCCc1ccc(Cc2ccc(CCCCCC)cc2)cc1', 'C=C1SC(=S)N(CC)C1=O', 'C=C1SC(=S)N(CC)C1=O']",7.434531,0.06,7.494531
